USE AUTOMATIC_CARWASH1;
GO

-- ============================================================
-- CLEAN UP DATA CU (xoa theo thu tu FK)
-- ============================================================
DELETE FROM SURVEY;
DELETE FROM MAINTENANCE;
DELETE FROM LOYALTY_TRANSACTION;
DELETE FROM FEEDBACK;
DELETE FROM PAYMENT;
DELETE FROM BOOKING_DETAIL;
DELETE FROM BOOKING;
DELETE FROM MEMBER_PROMOTION;
DELETE FROM MEMBER_PROFILE;
DELETE FROM PROMOTION;
DELETE FROM MACHINE;
DELETE FROM SERVICE;
DELETE FROM [USER];
DELETE FROM LOYALTY_TIER;
DELETE FROM [ROLE];
-- Reset IDENTITY
DBCC CHECKIDENT ('SURVEY', RESEED, 0);
DBCC CHECKIDENT ('MAINTENANCE', RESEED, 0);
DBCC CHECKIDENT ('LOYALTY_TRANSACTION', RESEED, 0);
DBCC CHECKIDENT ('FEEDBACK', RESEED, 0);
DBCC CHECKIDENT ('PAYMENT', RESEED, 0);
DBCC CHECKIDENT ('BOOKING_DETAIL', RESEED, 0);
DBCC CHECKIDENT ('BOOKING', RESEED, 0);
DBCC CHECKIDENT ('MEMBER_PROMOTION', RESEED, 0);
DBCC CHECKIDENT ('MEMBER_PROFILE', RESEED, 0);
DBCC CHECKIDENT ('PROMOTION', RESEED, 0);
DBCC CHECKIDENT ('MACHINE', RESEED, 0);
DBCC CHECKIDENT ('SERVICE', RESEED, 0);
DBCC CHECKIDENT ('USER', RESEED, 0);
DBCC CHECKIDENT ('LOYALTY_TIER', RESEED, 0);
DBCC CHECKIDENT ('ROLE', RESEED, 0);
GO

-- ============================================================
-- INSERT ROLE
-- ============================================================
INSERT INTO [ROLE] (RoleName) VALUES ('ADMIN'),('STAFF'),('MEMBER'),('GUEST');
GO

-- ============================================================
-- INSERT LOYALTY_TIER
-- ============================================================
INSERT INTO LOYALTY_TIER (TierName, RequiredPoints, DiscountRate, BookingWindow) VALUES
(N'Bronze', 0, 0.00, 1),
(N'Silver', 500, 5.00, 3),
(N'Gold', 1500, 10.00, 7),
(N'Platinum', 5000, 15.00, 14);
GO

-- ============================================================
-- INSERT USER  (UserID: 1-2=Admin, 3-10=Staff, 11-210=Member, 211-300=Guest)
-- ============================================================
INSERT INTO [USER] (FullName, PhoneNumber, Password, RoleID) VALUES
(N'Phạm Văn Tuấn', '0839958838', 'hashed_admin_pw_1', 1),
(N'Hoàng Bình Hoan', '0521668732', 'hashed_admin_pw_2', 1),
(N'Tô Khoa Chi', '0922575562', 'hashed_staff_pw_1', 2),
(N'Phan Tuấn Trinh', '0513561597', 'hashed_staff_pw_2', 2),
(N'Trịnh Quang Hoa', '0870291817', 'hashed_staff_pw_3', 2),
(N'Tô Anh An', '0866722344', 'hashed_staff_pw_4', 2),
(N'Bùi Anh Mai', '0855176955', 'hashed_staff_pw_5', 2),
(N'Phạm Hữu Dung', '0958181396', 'hashed_staff_pw_6', 2),
(N'Đỗ Thành Toàn', '0971662963', 'hashed_staff_pw_7', 2),
(N'Trịnh Đức Dung', '0984093639', 'hashed_staff_pw_8', 2),
(N'Đặng Khải Anh', '0535808537', 'hashed_member_pw_1', 3),
(N'Lê Thị Tâm', '0720709497', 'hashed_member_pw_2', 3),
(N'Vũ Ngọc Hoan', '0347308985', 'hashed_member_pw_3', 3),
(N'Dương Tiến Anh', '0859684848', 'hashed_member_pw_4', 3),
(N'Đỗ Quang Tuấn', '0991756179', 'hashed_member_pw_5', 3),
(N'Huỳnh Quốc Thảo', '0872043515', 'hashed_member_pw_6', 3),
(N'Hồ Anh Tâm', '0717507864', 'hashed_member_pw_7', 3),
(N'Vũ Khải Chi', '0763843426', 'hashed_member_pw_8', 3),
(N'Võ Hữu Sơn', '0552235350', 'hashed_member_pw_9', 3),
(N'Phan Tiến Trang', '0396282117', 'hashed_member_pw_10', 3),
(N'Dương Minh Toàn', '0843101783', 'hashed_member_pw_11', 3),
(N'Trịnh Quốc Toàn', '0567503414', 'hashed_member_pw_12', 3),
(N'Tô Hải Anh', '0828566572', 'hashed_member_pw_13', 3),
(N'Đinh Nam Hà', '0924716857', 'hashed_member_pw_14', 3),
(N'Hoàng Tiến Nam', '0390048665', 'hashed_member_pw_15', 3),
(N'Lê Hải Dung', '0572820592', 'hashed_member_pw_16', 3),
(N'Đinh Anh An', '0982070937', 'hashed_member_pw_17', 3),
(N'Võ Đình Xuân', '0949392920', 'hashed_member_pw_18', 3),
(N'Ngô Thanh Lộc', '0945351479', 'hashed_member_pw_19', 3),
(N'Đinh Đình Phúc', '0524282218', 'hashed_member_pw_20', 3),
(N'Đặng Khải Trinh', '0536697396', 'hashed_member_pw_21', 3),
(N'Hoàng Duy Nam', '0581182864', 'hashed_member_pw_22', 3),
(N'Nguyễn Thành Vinh', '0312614124', 'hashed_member_pw_23', 3),
(N'Phạm Sơn Anh', '0742138745', 'hashed_member_pw_24', 3),
(N'Trần Tuấn Hà', '0975228535', 'hashed_member_pw_25', 3),
(N'Lê Đình Lan', '0898550256', 'hashed_member_pw_26', 3),
(N'Lý Quốc Nam', '0780823176', 'hashed_member_pw_27', 3),
(N'Cao Khoa Sơn', '0536998038', 'hashed_member_pw_28', 3),
(N'Đặng Hải Anh', '0379467853', 'hashed_member_pw_29', 3),
(N'Dương Đức Thảo', '0818593410', 'hashed_member_pw_30', 3),
(N'Bùi Văn Tâm', '0539557077', 'hashed_member_pw_31', 3),
(N'Nguyễn Hữu Dũng', '0819046318', 'hashed_member_pw_32', 3),
(N'Trần Ngọc Xuân', '0979008866', 'hashed_member_pw_33', 3),
(N'Vũ Anh Trang', '0882374753', 'hashed_member_pw_34', 3),
(N'Hoàng Bình Nhân', '0873481353', 'hashed_member_pw_35', 3),
(N'Ngô Quang Hoan', '0998447167', 'hashed_member_pw_36', 3),
(N'Ngô Duy Hương', '0372682989', 'hashed_member_pw_37', 3),
(N'Trần Trung Hoan', '0964038913', 'hashed_member_pw_38', 3),
(N'Bùi Hùng Hoan', '0835714784', 'hashed_member_pw_39', 3),
(N'Phan Quốc Linh', '0866623995', 'hashed_member_pw_40', 3),
(N'Huỳnh Anh Lộc', '0820117988', 'hashed_member_pw_41', 3),
(N'Dương Hùng Hoan', '0997529405', 'hashed_member_pw_42', 3),
(N'Trịnh Khải An', '0941726318', 'hashed_member_pw_43', 3),
(N'Huỳnh Khoa Trang', '0338688676', 'hashed_member_pw_44', 3),
(N'Hồ Phương Dũng', '0860864911', 'hashed_member_pw_45', 3),
(N'Nguyễn Hải Toàn', '0348285503', 'hashed_member_pw_46', 3),
(N'Ngô Xuân Trang', '0835487660', 'hashed_member_pw_47', 3),
(N'Đặng Quang Dũng', '0582772208', 'hashed_member_pw_48', 3),
(N'Trần Bình Vinh', '0916729990', 'hashed_member_pw_49', 3),
(N'Tô Nam Trinh', '0531130263', 'hashed_member_pw_50', 3),
(N'Trần Phúc Hà', '0819196777', 'hashed_member_pw_51', 3),
(N'Cao Hữu Thảo', '0326090908', 'hashed_member_pw_52', 3),
(N'Tô Tuấn Chi', '0521003626', 'hashed_member_pw_53', 3),
(N'Ngô Trung Trúc', '0744999379', 'hashed_member_pw_54', 3),
(N'Phan Trung Vinh', '0845650176', 'hashed_member_pw_55', 3),
(N'Hồ Minh Vân', '0352436584', 'hashed_member_pw_56', 3),
(N'Lê Văn Lộc', '0585563727', 'hashed_member_pw_57', 3),
(N'Phạm Hữu Sơn', '0545594597', 'hashed_member_pw_58', 3),
(N'Hoàng Sơn Yến', '0942787299', 'hashed_member_pw_59', 3),
(N'Đỗ Bảo Nam', '0382909480', 'hashed_member_pw_60', 3),
(N'Đặng Thành Trúc', '0999639081', 'hashed_member_pw_61', 3),
(N'Trịnh Bảo Hoan', '0845496015', 'hashed_member_pw_62', 3),
(N'Phạm Phương Hoan', '0530863865', 'hashed_member_pw_63', 3),
(N'Võ Bảo Sơn', '0737326368', 'hashed_member_pw_64', 3),
(N'Võ Phúc Trang', '0716818112', 'hashed_member_pw_65', 3),
(N'Lê Tiến Hương', '0715917225', 'hashed_member_pw_66', 3),
(N'Nguyễn Công Lan', '0731687165', 'hashed_member_pw_67', 3),
(N'Dương Quốc Hương', '0511297845', 'hashed_member_pw_68', 3),
(N'Phạm Hữu Mai', '0514835614', 'hashed_member_pw_69', 3),
(N'Đỗ Tâm Mai', '0327105448', 'hashed_member_pw_70', 3),
(N'Trần Bảo Anh', '0958024342', 'hashed_member_pw_71', 3),
(N'Phan Trung Thảo', '0957469942', 'hashed_member_pw_72', 3),
(N'Trịnh Phương Hoa', '0530743797', 'hashed_member_pw_73', 3),
(N'Vũ Ngọc Nam', '0865337219', 'hashed_member_pw_74', 3),
(N'Nguyễn Thanh Xuân', '0399913412', 'hashed_member_pw_75', 3),
(N'Vũ Anh Nam', '0961343880', 'hashed_member_pw_76', 3),
(N'Trần Ngọc Nhân', '0836786211', 'hashed_member_pw_77', 3),
(N'Dương Duy Vân', '0839920292', 'hashed_member_pw_78', 3),
(N'Nguyễn Trung Quân', '0354058573', 'hashed_member_pw_79', 3),
(N'Võ Ngọc Giang', '0757130035', 'hashed_member_pw_80', 3),
(N'Đinh Hải Xuân', '0925480907', 'hashed_member_pw_81', 3),
(N'Võ Thanh Toàn', '0924549543', 'hashed_member_pw_82', 3),
(N'Cao Khoa Yến', '0768571795', 'hashed_member_pw_83', 3),
(N'Cao Phúc Khoa', '0387388337', 'hashed_member_pw_84', 3),
(N'Phan Anh Chi', '0310226999', 'hashed_member_pw_85', 3),
(N'Đinh Sơn Quân', '0767887757', 'hashed_member_pw_86', 3),
(N'Lê Trung Xuân', '0552133044', 'hashed_member_pw_87', 3),
(N'Phạm Bình Vân', '0551511484', 'hashed_member_pw_88', 3),
(N'Ngô Công Hiền', '0784411983', 'hashed_member_pw_89', 3),
(N'Hoàng Quang Hoa', '0333357554', 'hashed_member_pw_90', 3),
(N'Cao Tâm Vân', '0383542887', 'hashed_member_pw_91', 3),
(N'Nguyễn Bảo Uyên', '0867698610', 'hashed_member_pw_92', 3),
(N'Tô Thành Vinh', '0369295515', 'hashed_member_pw_93', 3),
(N'Dương Trung Sơn', '0573509974', 'hashed_member_pw_94', 3),
(N'Huỳnh Trung Hà', '0779182797', 'hashed_member_pw_95', 3),
(N'Cao Công Hà', '0851663795', 'hashed_member_pw_96', 3),
(N'Vũ Hùng Quân', '0813278320', 'hashed_member_pw_97', 3),
(N'Trần Tuấn Nhân', '0519774839', 'hashed_member_pw_98', 3),
(N'Dương Khoa Quân', '0376354180', 'hashed_member_pw_99', 3),
(N'Hồ Tuấn Mai', '0924305904', 'hashed_member_pw_100', 3),
(N'Ngô Tuấn Phúc', '0572350830', 'hashed_member_pw_101', 3),
(N'Trần Quốc Thảo', '0971265269', 'hashed_member_pw_102', 3),
(N'Hoàng Hùng Lộc', '0585017682', 'hashed_member_pw_103', 3),
(N'Cao Công Linh', '0577750178', 'hashed_member_pw_104', 3),
(N'Ngô Khải Linh', '0873709724', 'hashed_member_pw_105', 3),
(N'Dương Anh Thảo', '0779967676', 'hashed_member_pw_106', 3),
(N'Lý Tiến Thảo', '0769038700', 'hashed_member_pw_107', 3),
(N'Lê Xuân Uyên', '0846468984', 'hashed_member_pw_108', 3),
(N'Bùi Công Hà', '0830244148', 'hashed_member_pw_109', 3),
(N'Vũ Hải Mai', '0818620650', 'hashed_member_pw_110', 3),
(N'Ngô Khoa Xuân', '0572535301', 'hashed_member_pw_111', 3),
(N'Ngô Thị Sơn', '0362274692', 'hashed_member_pw_112', 3),
(N'Tô Xuân Bình', '0561053877', 'hashed_member_pw_113', 3),
(N'Lý Văn Yến', '0762343121', 'hashed_member_pw_114', 3),
(N'Ngô Quốc Tâm', '0339450273', 'hashed_member_pw_115', 3),
(N'Võ Khoa Trang', '0962191530', 'hashed_member_pw_116', 3),
(N'Bùi Trung Hiền', '0872732043', 'hashed_member_pw_117', 3),
(N'Hoàng Thành Bình', '0389442503', 'hashed_member_pw_118', 3),
(N'Tô Trung Bình', '0996268397', 'hashed_member_pw_119', 3),
(N'Ngô Minh Lộc', '0816749089', 'hashed_member_pw_120', 3),
(N'Võ Hải Vinh', '0871028710', 'hashed_member_pw_121', 3),
(N'Bùi Công Dung', '0766581473', 'hashed_member_pw_122', 3),
(N'Võ Khải Hà', '0312601580', 'hashed_member_pw_123', 3),
(N'Trịnh Thị Yến', '0897260863', 'hashed_member_pw_124', 3),
(N'Lê Đình Chi', '0943189803', 'hashed_member_pw_125', 3),
(N'Phan Khải Bình', '0530452412', 'hashed_member_pw_126', 3),
(N'Vũ Minh Nhân', '0985694715', 'hashed_member_pw_127', 3),
(N'Phan Long Toàn', '0732520277', 'hashed_member_pw_128', 3),
(N'Cao Thành Khoa', '0851746937', 'hashed_member_pw_129', 3),
(N'Phạm Tâm Bình', '0787282128', 'hashed_member_pw_130', 3),
(N'Hồ Hải Quân', '0989470029', 'hashed_member_pw_131', 3),
(N'Vũ Đức Vân', '0526247735', 'hashed_member_pw_132', 3),
(N'Tô Hùng Chi', '0781503856', 'hashed_member_pw_133', 3),
(N'Ngô Trung Anh', '0977908907', 'hashed_member_pw_134', 3),
(N'Bùi Văn Hoa', '0324165187', 'hashed_member_pw_135', 3),
(N'Ngô Duy Lộc', '0868450095', 'hashed_member_pw_136', 3),
(N'Huỳnh Bình Trúc', '0792666356', 'hashed_member_pw_137', 3),
(N'Trịnh Đình Nhân', '0368461818', 'hashed_member_pw_138', 3),
(N'Tô Anh Vinh', '0821631697', 'hashed_member_pw_139', 3),
(N'Võ Phương Linh', '0872372114', 'hashed_member_pw_140', 3),
(N'Tô Thành Dung', '0713852048', 'hashed_member_pw_141', 3),
(N'Lý Ngọc Vinh', '0875437844', 'hashed_member_pw_142', 3),
(N'Phan Duy Toàn', '0747535126', 'hashed_member_pw_143', 3),
(N'Cao Xuân Tuấn', '0511362459', 'hashed_member_pw_144', 3),
(N'Đinh Quang Hà', '0864549859', 'hashed_member_pw_145', 3),
(N'Lý Quốc Thảo', '0396691619', 'hashed_member_pw_146', 3),
(N'Lý Long Bình', '0949491631', 'hashed_member_pw_147', 3),
(N'Vũ Hải Thảo', '0799115205', 'hashed_member_pw_148', 3),
(N'Tô Duy Nhân', '0581259135', 'hashed_member_pw_149', 3),
(N'Đỗ Khoa Xuân', '0770900658', 'hashed_member_pw_150', 3),
(N'Võ Bảo Toàn', '0826194158', 'hashed_member_pw_151', 3),
(N'Phan Công Khoa', '0534850391', 'hashed_member_pw_152', 3),
(N'Phan Quang Nhân', '0789133014', 'hashed_member_pw_153', 3),
(N'Đinh Thành Uyên', '0936054020', 'hashed_member_pw_154', 3),
(N'Đặng Tuấn Anh', '0850569669', 'hashed_member_pw_155', 3),
(N'Nguyễn Xuân Lan', '0716109013', 'hashed_member_pw_156', 3),
(N'Trần Quốc Uyên', '0895613415', 'hashed_member_pw_157', 3),
(N'Lý Đức An', '0548163378', 'hashed_member_pw_158', 3),
(N'Lý Nam Linh', '0734744872', 'hashed_member_pw_159', 3),
(N'Trần Anh Nhân', '0918770247', 'hashed_member_pw_160', 3),
(N'Hồ Nam Giang', '0594482772', 'hashed_member_pw_161', 3),
(N'Trần Minh Mai', '0550780112', 'hashed_member_pw_162', 3),
(N'Lê Tuấn Khoa', '0565857931', 'hashed_member_pw_163', 3),
(N'Cao Thành Tâm', '0561053474', 'hashed_member_pw_164', 3),
(N'Dương Sơn Linh', '0788990506', 'hashed_member_pw_165', 3),
(N'Ngô Bảo Dũng', '0523318904', 'hashed_member_pw_166', 3),
(N'Phan Tiến Sơn', '0798641164', 'hashed_member_pw_167', 3),
(N'Lê Thanh Thảo', '0884087145', 'hashed_member_pw_168', 3),
(N'Lê Thanh An', '0370465583', 'hashed_member_pw_169', 3),
(N'Cao Nam Uyên', '0941068214', 'hashed_member_pw_170', 3),
(N'Đặng Xuân Uyên', '0319553585', 'hashed_member_pw_171', 3),
(N'Vũ Sơn Toàn', '0598742485', 'hashed_member_pw_172', 3),
(N'Phan Khoa Khoa', '0540173413', 'hashed_member_pw_173', 3),
(N'Hoàng Sơn Tuấn', '0819584466', 'hashed_member_pw_174', 3),
(N'Trần Thanh Vân', '0586397676', 'hashed_member_pw_175', 3),
(N'Đặng Long Khoa', '0350814428', 'hashed_member_pw_176', 3),
(N'Hồ Anh Trinh', '0576276072', 'hashed_member_pw_177', 3),
(N'Dương Hữu Chi', '0353261270', 'hashed_member_pw_178', 3),
(N'Cao Anh Bình', '0940725714', 'hashed_member_pw_179', 3),
(N'Tô Tâm Bình', '0787342561', 'hashed_member_pw_180', 3),
(N'Trần Đình Phúc', '0379654147', 'hashed_member_pw_181', 3),
(N'Dương Sơn Tuấn', '0888561612', 'hashed_member_pw_182', 3),
(N'Ngô Tiến Trang', '0973083727', 'hashed_member_pw_183', 3),
(N'Đỗ Khoa Xuân', '0799943797', 'hashed_member_pw_184', 3),
(N'Phạm Ngọc Nam', '0765250068', 'hashed_member_pw_185', 3),
(N'Lý Bảo Hiền', '0514925405', 'hashed_member_pw_186', 3),
(N'Dương Hữu Vinh', '0753389073', 'hashed_member_pw_187', 3),
(N'Phạm Đình Hiền', '0510154493', 'hashed_member_pw_188', 3),
(N'Trịnh Long Hoa', '0935176902', 'hashed_member_pw_189', 3),
(N'Đinh Duy Trang', '0316927215', 'hashed_member_pw_190', 3),
(N'Phan Anh Lan', '0768802946', 'hashed_member_pw_191', 3),
(N'Lý Đức Bình', '0542117961', 'hashed_member_pw_192', 3),
(N'Huỳnh Bảo An', '0564759583', 'hashed_member_pw_193', 3),
(N'Lê Tuấn Khoa', '0325766039', 'hashed_member_pw_194', 3),
(N'Hoàng Nam Uyên', '0546698468', 'hashed_member_pw_195', 3),
(N'Ngô Khải Nhân', '0342713008', 'hashed_member_pw_196', 3),
(N'Dương Quốc Mai', '0335583290', 'hashed_member_pw_197', 3),
(N'Cao Phúc Lan', '0947077298', 'hashed_member_pw_198', 3),
(N'Ngô Công Trinh', '0710344303', 'hashed_member_pw_199', 3),
(N'Đặng Bình Vân', '0587835998', 'hashed_member_pw_200', 3),
(N'Lý Ngọc Mai', '0382287061', NULL, 4),
(N'Lý Duy Xuân', '0582937948', NULL, 4),
(N'Hồ Long Vinh', '0842051937', NULL, 4),
(N'Tô Hải Tâm', '0315858241', NULL, 4),
(N'Bùi Bình Nhân', '0361818612', NULL, 4),
(N'Hoàng Nam Chi', '0877416376', NULL, 4),
(N'Tô Công Hoan', '0323383077', NULL, 4),
(N'Đinh Sơn Lộc', '0929348212', NULL, 4),
(N'Ngô Ngọc Mai', '0973013961', NULL, 4),
(N'Võ Công Hiền', '0954099326', NULL, 4),
(N'Trịnh Hải Vinh', '0382613940', NULL, 4),
(N'Trần Thành Giang', '0894712997', NULL, 4),
(N'Đặng Tuấn Hà', '0323212812', NULL, 4),
(N'Phạm Long Nam', '0713885234', NULL, 4),
(N'Trần Công Dũng', '0758112135', NULL, 4),
(N'Đỗ Khoa Mai', '0881291936', NULL, 4),
(N'Ngô Tâm Phúc', '0833497411', NULL, 4),
(N'Lê Thành Dung', '0542323627', NULL, 4),
(N'Lý Sơn Mai', '0871894493', NULL, 4),
(N'Võ Long Toàn', '0972445234', NULL, 4),
(N'Đặng Trung Nam', '0969287967', NULL, 4),
(N'Đỗ Tâm Vân', '0343567615', NULL, 4),
(N'Dương Ngọc Vân', '0861632653', NULL, 4),
(N'Lý Đức Thảo', '0386762164', NULL, 4),
(N'Đỗ Tâm Uyên', '0712944682', NULL, 4),
(N'Hồ Anh An', '0516582607', NULL, 4),
(N'Cao Bình Trang', '0740885967', NULL, 4),
(N'Cao Hùng Yến', '0895445405', NULL, 4),
(N'Phan Thành Toàn', '0894322033', NULL, 4),
(N'Phạm Phương Chi', '0769166287', NULL, 4),
(N'Trần Tâm Anh', '0822097496', NULL, 4),
(N'Đặng Công Hoa', '0836950221', NULL, 4),
(N'Hoàng Hùng Anh', '0577349752', NULL, 4),
(N'Võ Khải Nam', '0774672520', NULL, 4),
(N'Đặng Bình Xuân', '0972858374', NULL, 4),
(N'Lê Minh Tâm', '0384801233', NULL, 4),
(N'Đỗ Hữu Hiền', '0945495029', NULL, 4),
(N'Trịnh Đức Lộc', '0745186708', NULL, 4),
(N'Tô Hải Anh', '0941383044', NULL, 4),
(N'Lý Văn Vinh', '0539711402', NULL, 4),
(N'Lê Tiến Lộc', '0797139443', NULL, 4),
(N'Ngô Đức Lan', '0914994527', NULL, 4),
(N'Đặng Nam Khoa', '0941514326', NULL, 4),
(N'Trịnh Minh Dung', '0359796322', NULL, 4),
(N'Trịnh Khoa Mai', '0397902129', NULL, 4),
(N'Phạm Khải Trang', '0564776386', NULL, 4),
(N'Võ Thị Anh', '0869509870', NULL, 4),
(N'Dương Tuấn Anh', '0959302863', NULL, 4),
(N'Trịnh Phương Yến', '0963437398', NULL, 4),
(N'Võ Quang Khoa', '0322304198', NULL, 4),
(N'Phan Tiến Bình', '0954762841', NULL, 4),
(N'Vũ Minh Sơn', '0984384510', NULL, 4),
(N'Phan Tâm Sơn', '0854098516', NULL, 4),
(N'Hoàng Hùng An', '0729419691', NULL, 4),
(N'Hoàng Quốc Toàn', '0824754064', NULL, 4),
(N'Nguyễn Minh An', '0741934639', NULL, 4),
(N'Tô Công Bình', '0845617024', NULL, 4),
(N'Trần Minh Hoa', '0525253751', NULL, 4),
(N'Lê Nam Linh', '0778885632', NULL, 4),
(N'Tô Đức Linh', '0539735904', NULL, 4),
(N'Cao Thị Trúc', '0771477426', NULL, 4),
(N'Nguyễn Thị Nhân', '0367213476', NULL, 4),
(N'Phạm Nam Linh', '0920843514', NULL, 4),
(N'Bùi Thành Mai', '0926937148', NULL, 4),
(N'Võ Thành Vinh', '0390180577', NULL, 4),
(N'Đinh Bảo Lộc', '0591259008', NULL, 4),
(N'Ngô Đức Khoa', '0538859907', NULL, 4),
(N'Ngô Long Tâm', '0355490631', NULL, 4),
(N'Dương Hải Hoa', '0951949529', NULL, 4),
(N'Ngô Công Toàn', '0730486849', NULL, 4),
(N'Lý Hữu Hà', '0922513132', NULL, 4),
(N'Ngô Đức Anh', '0884674816', NULL, 4),
(N'Trần Tâm Xuân', '0965137801', NULL, 4),
(N'Đỗ Ngọc Hương', '0948604965', NULL, 4),
(N'Cao Bảo Yến', '0987566910', NULL, 4),
(N'Đinh Quang Mai', '0340097636', NULL, 4),
(N'Phạm Duy Anh', '0947388792', NULL, 4),
(N'Tô Tuấn Hương', '0593446356', NULL, 4),
(N'Cao Trung Bình', '0598292612', NULL, 4),
(N'Võ Văn Phúc', '0751471222', NULL, 4),
(N'Bùi Duy An', '0829226889', NULL, 4),
(N'Tô Trung Hiền', '0929042093', NULL, 4),
(N'Nguyễn Hữu Trúc', '0860491958', NULL, 4),
(N'Ngô Long Xuân', '0859667685', NULL, 4),
(N'Đặng Bình Vinh', '0590023800', NULL, 4),
(N'Lê Phương Dũng', '0831127198', NULL, 4),
(N'Cao Thị Hà', '0769473616', NULL, 4),
(N'Ngô Nam Linh', '0346663833', NULL, 4),
(N'Phan Đình Trinh', '0956328316', NULL, 4),
(N'Ngô Đức Uyên', '0575314742', NULL, 4);
GO

-- ============================================================
-- INSERT MEMBER_PROFILE
-- ============================================================
INSERT INTO MEMBER_PROFILE (UserID, TierID, CurrentPoints, AccumulatedPoints, JoinDate) VALUES
(11, 4, 10060, 10429, '2022-03-15 10:49:00'),
(12, 1, 248, 641, '2022-04-09 04:09:00'),
(13, 1, 39, 644, '2021-07-27 16:49:00'),
(14, 2, 1052, 2762, '2023-12-15 01:42:00'),
(15, 3, 2879, 4673, '2024-06-19 04:38:00'),
(16, 1, 192, 507, '2021-11-29 05:53:00'),
(17, 1, 354, 1933, '2024-07-03 05:46:00'),
(18, 3, 3292, 3381, '2023-04-22 11:43:00'),
(19, 2, 1236, 1722, '2023-06-29 19:18:00'),
(20, 1, 385, 1918, '2023-07-09 07:34:00'),
(21, 2, 744, 1377, '2023-08-19 06:23:00'),
(22, 1, 347, 2286, '2024-03-14 14:29:00'),
(23, 1, 393, 970, '2023-02-22 16:33:00'),
(24, 3, 3214, 5192, '2021-11-28 06:51:00'),
(25, 1, 309, 592, '2022-05-28 01:41:00'),
(26, 2, 992, 2782, '2023-01-31 17:59:00'),
(27, 2, 605, 2061, '2023-11-23 03:18:00'),
(28, 1, 42, 1604, '2021-11-25 08:28:00'),
(29, 2, 1427, 2478, '2021-10-29 13:05:00'),
(30, 1, 484, 2348, '2022-03-31 14:56:00'),
(31, 2, 857, 2762, '2021-02-24 13:03:00'),
(32, 1, 202, 1230, '2023-02-05 07:24:00'),
(33, 1, 41, 808, '2022-04-05 00:20:00'),
(34, 4, 6623, 8341, '2024-08-24 10:50:00'),
(35, 3, 2098, 2379, '2021-03-20 09:58:00'),
(36, 3, 4898, 5865, '2024-11-26 04:48:00'),
(37, 4, 12685, 13603, '2024-06-14 00:57:00'),
(38, 1, 40, 78, '2022-06-09 06:53:00'),
(39, 3, 2112, 3235, '2024-05-31 16:27:00'),
(40, 1, 56, 1645, '2022-08-14 07:19:00'),
(41, 2, 624, 721, '2022-05-04 13:40:00'),
(42, 4, 12489, 12617, '2021-08-16 15:38:00'),
(43, 2, 1048, 1081, '2024-07-18 16:36:00'),
(44, 3, 2490, 3961, '2021-10-22 09:27:00'),
(45, 4, 5025, 6284, '2022-12-24 07:36:00'),
(46, 2, 926, 1309, '2024-09-22 21:05:00'),
(47, 2, 1036, 3032, '2023-01-09 02:33:00'),
(48, 1, 278, 1317, '2023-11-06 17:01:00'),
(49, 3, 3099, 4887, '2023-08-21 01:40:00'),
(50, 1, 198, 962, '2022-06-04 23:01:00'),
(51, 1, 182, 1796, '2021-05-19 11:15:00'),
(52, 2, 1250, 2595, '2024-07-10 03:49:00'),
(53, 3, 3883, 5388, '2022-11-12 04:02:00'),
(54, 1, 180, 1298, '2022-11-25 20:11:00'),
(55, 3, 4901, 6496, '2024-11-03 14:44:00'),
(56, 2, 990, 2283, '2022-01-09 04:04:00'),
(57, 2, 1233, 2822, '2023-07-27 01:18:00'),
(58, 3, 2325, 2414, '2022-02-13 01:20:00'),
(59, 2, 1455, 2090, '2023-11-22 12:52:00'),
(60, 1, 278, 1247, '2022-06-03 01:48:00'),
(61, 1, 331, 722, '2022-08-09 11:55:00'),
(62, 1, 399, 496, '2024-09-04 10:17:00'),
(63, 1, 63, 1700, '2023-01-24 13:56:00'),
(64, 1, 204, 1726, '2023-06-20 12:21:00'),
(65, 1, 498, 880, '2023-10-14 22:31:00'),
(66, 2, 876, 2768, '2023-11-30 08:51:00'),
(67, 1, 42, 1531, '2023-05-20 02:27:00'),
(68, 2, 1116, 2800, '2022-01-05 17:18:00'),
(69, 1, 164, 374, '2021-06-13 10:42:00'),
(70, 1, 151, 778, '2023-07-03 19:45:00'),
(71, 2, 936, 1277, '2024-11-13 14:22:00'),
(72, 1, 228, 314, '2022-12-24 19:27:00'),
(73, 1, 140, 1449, '2021-04-28 02:42:00'),
(74, 2, 1152, 1983, '2023-01-15 16:51:00'),
(75, 3, 4571, 5962, '2021-11-24 00:09:00'),
(76, 2, 1369, 2613, '2024-10-20 14:02:00'),
(77, 2, 629, 766, '2022-04-29 20:23:00'),
(78, 2, 870, 1654, '2024-03-07 01:38:00'),
(79, 2, 657, 2047, '2023-07-11 11:23:00'),
(80, 1, 227, 1789, '2021-06-07 18:08:00'),
(81, 3, 3668, 4419, '2023-03-27 10:41:00'),
(82, 3, 2641, 3152, '2021-08-21 00:47:00'),
(83, 1, 95, 1117, '2023-11-27 12:58:00'),
(84, 3, 3800, 4041, '2022-06-21 08:45:00'),
(85, 2, 956, 1395, '2024-06-07 09:44:00'),
(86, 2, 1438, 2443, '2022-02-14 03:08:00'),
(87, 4, 6213, 7138, '2021-12-20 22:28:00'),
(88, 2, 589, 2248, '2024-10-28 10:42:00'),
(89, 1, 177, 1630, '2021-05-13 17:34:00'),
(90, 1, 148, 1973, '2022-09-07 05:45:00'),
(91, 2, 1226, 3125, '2024-12-05 20:11:00'),
(92, 3, 4750, 5490, '2023-11-08 07:07:00'),
(93, 3, 2323, 3945, '2021-10-12 07:50:00'),
(94, 2, 1005, 1058, '2023-01-10 17:36:00'),
(95, 1, 188, 1145, '2024-02-04 04:39:00'),
(96, 2, 1405, 1581, '2021-05-15 09:25:00'),
(97, 1, 367, 1839, '2023-09-08 16:26:00'),
(98, 1, 393, 1231, '2024-03-23 02:08:00'),
(99, 1, 497, 1146, '2024-08-08 02:28:00'),
(100, 1, 238, 1630, '2023-11-26 11:08:00'),
(101, 4, 14032, 15342, '2024-04-18 05:49:00'),
(102, 1, 494, 758, '2023-06-06 16:58:00'),
(103, 2, 1389, 1502, '2021-09-12 16:09:00'),
(104, 3, 2745, 3082, '2021-11-28 10:59:00'),
(105, 3, 4405, 4866, '2022-12-10 16:57:00'),
(106, 1, 145, 1877, '2021-06-11 08:12:00'),
(107, 2, 1150, 3108, '2024-02-03 08:08:00'),
(108, 2, 1140, 1760, '2024-06-12 17:05:00'),
(109, 1, 257, 1569, '2021-12-12 18:37:00'),
(110, 2, 657, 1007, '2024-09-11 19:46:00'),
(111, 1, 461, 1700, '2022-11-23 18:02:00'),
(112, 2, 1345, 3114, '2021-02-28 02:02:00'),
(113, 2, 1471, 2784, '2024-03-27 08:41:00'),
(114, 2, 715, 2285, '2024-03-17 13:39:00'),
(115, 3, 4117, 4179, '2023-10-17 20:34:00'),
(116, 2, 796, 2110, '2022-09-11 15:15:00'),
(117, 1, 412, 2065, '2024-11-03 12:19:00'),
(118, 3, 3357, 3506, '2024-11-11 01:10:00'),
(119, 2, 950, 1801, '2023-09-19 14:13:00'),
(120, 1, 174, 1416, '2021-10-22 10:55:00'),
(121, 2, 1235, 1888, '2022-12-09 12:08:00'),
(122, 1, 389, 1147, '2023-11-21 17:06:00'),
(123, 1, 163, 658, '2023-08-14 03:17:00'),
(124, 3, 3341, 3848, '2021-10-16 03:03:00'),
(125, 2, 797, 2733, '2023-02-26 19:26:00'),
(126, 2, 754, 2725, '2021-11-24 10:59:00'),
(127, 1, 295, 1771, '2022-10-03 06:48:00'),
(128, 4, 7610, 8630, '2023-11-21 14:31:00'),
(129, 2, 1400, 2031, '2023-10-16 00:05:00'),
(130, 3, 3110, 4145, '2023-07-26 07:13:00'),
(131, 2, 1097, 1819, '2021-04-10 01:18:00'),
(132, 4, 13108, 14331, '2024-09-01 21:30:00'),
(133, 2, 792, 1891, '2021-01-17 03:27:00'),
(134, 1, 68, 1875, '2022-06-26 23:23:00'),
(135, 1, 391, 1216, '2023-01-20 01:25:00'),
(136, 4, 5838, 7005, '2024-02-25 06:23:00'),
(137, 1, 283, 874, '2021-05-31 12:32:00'),
(138, 1, 230, 1795, '2024-02-01 08:52:00'),
(139, 1, 319, 1712, '2024-06-05 03:08:00'),
(140, 2, 1498, 1696, '2023-03-18 11:50:00'),
(141, 2, 847, 1989, '2023-01-19 04:12:00'),
(142, 1, 308, 1350, '2023-04-03 16:02:00'),
(143, 3, 1685, 1764, '2021-10-08 22:21:00'),
(144, 3, 4793, 5763, '2023-11-30 14:09:00'),
(145, 2, 1120, 2949, '2023-11-22 04:20:00'),
(146, 3, 4011, 4663, '2021-11-29 12:39:00'),
(147, 3, 4528, 6253, '2022-09-05 18:21:00'),
(148, 2, 1019, 2715, '2023-11-10 17:31:00'),
(149, 4, 14222, 14835, '2023-08-31 00:23:00'),
(150, 2, 839, 2218, '2021-08-13 13:37:00'),
(151, 1, 157, 1788, '2024-11-10 20:01:00'),
(152, 3, 3944, 4915, '2022-06-28 20:50:00'),
(153, 1, 497, 2086, '2024-03-30 18:14:00'),
(154, 4, 5841, 7036, '2023-09-11 05:33:00'),
(155, 2, 1144, 2620, '2024-06-23 12:09:00'),
(156, 2, 1341, 2735, '2022-05-12 01:36:00'),
(157, 1, 485, 1919, '2021-08-14 06:01:00'),
(158, 1, 225, 867, '2023-05-08 04:26:00'),
(159, 3, 4328, 4745, '2023-04-21 16:49:00'),
(160, 1, 313, 2198, '2023-08-24 23:46:00'),
(161, 2, 563, 2008, '2021-10-10 16:13:00'),
(162, 3, 3797, 4462, '2024-09-18 15:33:00'),
(163, 1, 192, 834, '2021-12-21 14:58:00'),
(164, 3, 3683, 4384, '2024-01-24 11:43:00'),
(165, 1, 395, 2171, '2024-10-26 20:51:00'),
(166, 3, 4339, 4880, '2024-06-03 15:12:00'),
(167, 1, 490, 994, '2022-07-26 17:19:00'),
(168, 4, 8684, 10612, '2022-09-02 09:45:00'),
(169, 2, 712, 2125, '2024-12-14 15:20:00'),
(170, 2, 991, 1705, '2024-02-22 23:17:00'),
(171, 2, 794, 1043, '2024-03-20 21:34:00'),
(172, 2, 888, 2722, '2023-03-20 11:49:00'),
(173, 2, 1323, 1622, '2022-08-18 01:18:00'),
(174, 2, 1478, 2940, '2021-06-11 11:59:00'),
(175, 1, 226, 1569, '2022-06-10 23:30:00'),
(176, 2, 719, 1132, '2024-01-09 08:59:00'),
(177, 1, 287, 1712, '2022-07-11 04:06:00'),
(178, 2, 1130, 2647, '2024-04-16 07:15:00'),
(179, 1, 25, 1396, '2023-12-24 07:40:00'),
(180, 4, 8814, 8921, '2021-07-25 13:21:00'),
(181, 1, 367, 1334, '2021-07-25 21:49:00'),
(182, 2, 640, 650, '2024-02-02 05:26:00'),
(183, 3, 4174, 6088, '2023-09-02 15:41:00'),
(184, 2, 704, 2252, '2022-08-12 10:18:00'),
(185, 2, 1161, 1282, '2021-07-03 20:36:00'),
(186, 1, 118, 1213, '2021-03-18 05:26:00'),
(187, 2, 1403, 3118, '2021-12-27 01:53:00'),
(188, 2, 906, 2519, '2023-10-12 05:59:00'),
(189, 1, 383, 2353, '2022-08-16 01:00:00'),
(190, 1, 152, 1315, '2024-05-19 03:59:00'),
(191, 2, 843, 1425, '2023-07-20 20:34:00'),
(192, 2, 1036, 2047, '2021-10-02 16:29:00'),
(193, 4, 9470, 9864, '2021-08-19 10:10:00'),
(194, 1, 374, 1313, '2024-08-20 08:45:00'),
(195, 2, 690, 718, '2022-11-22 09:36:00'),
(196, 1, 345, 1895, '2022-01-31 05:39:00'),
(197, 1, 438, 1746, '2023-04-11 13:32:00'),
(198, 1, 167, 344, '2023-04-01 21:06:00'),
(199, 1, 94, 381, '2023-09-05 10:59:00'),
(200, 1, 127, 140, '2022-06-19 12:15:00'),
(201, 1, 228, 1771, '2022-07-01 10:19:00'),
(202, 1, 298, 1778, '2024-03-19 00:16:00'),
(203, 1, 334, 1070, '2024-11-19 07:03:00'),
(204, 3, 4235, 4477, '2023-08-12 09:10:00'),
(205, 2, 915, 2320, '2023-10-27 22:49:00'),
(206, 1, 159, 1572, '2021-08-29 20:58:00'),
(207, 1, 481, 1085, '2023-01-23 19:14:00'),
(208, 1, 112, 2072, '2021-10-01 15:09:00'),
(209, 3, 3363, 4894, '2024-05-25 11:26:00'),
(210, 2, 1218, 2342, '2023-08-23 17:51:00');
GO

-- ============================================================
-- INSERT SERVICE
-- ============================================================
INSERT INTO SERVICE (ServiceName, BasePrice, ApplicableVehicleType) VALUES
(N'Rua xe co ban', 50000, 'CAR'),
(N'Rua xe cao cap', 100000, 'CAR'),
(N'Rua xe + hut bui noi that', 150000, 'CAR'),
(N'Danh bong xe', 300000, 'CAR'),
(N'Phu nano bao ve son', 500000, 'CAR'),
(N'Rua xe may co ban', 25000, 'BIKE'),
(N'Rua xe may cao cap', 50000, 'BIKE'),
(N'Ve sinh dong co xe may', 80000, 'BIKE'),
(N'Bao duong xe may tong quat', 120000, 'BIKE'),
(N'Rua xe tai nho', 200000, 'CAR');
GO

-- ============================================================
-- INSERT MACHINE
-- ============================================================
INSERT INTO MACHINE (MachineName, MachineType, Status) VALUES
(N'May rua o to #1', 'CAR_WASHER', 1),
(N'May rua o to #2', 'CAR_WASHER', 1),
(N'May rua o to #3', 'CAR_WASHER', 2),
(N'May rua o to #4', 'CAR_WASHER', 3),
(N'May rua xe may #1', 'BIKE_WASHER', 1),
(N'May rua xe may #2', 'BIKE_WASHER', 1),
(N'May rua xe may #3', 'BIKE_WASHER', 2),
(N'May rua xe may #4', 'BIKE_WASHER', 3),
(N'May danh bong #1', 'CAR_WASHER', 1),
(N'May phun ap luc #1', 'CAR_WASHER', 1);
GO

-- ============================================================
-- INSERT PROMOTION
-- ============================================================
INSERT INTO PROMOTION (PromoName, DiscountPercent, EndDate) VALUES
(N'Khuyen mai khai truong', 20.00, '2024-03-31'),
(N'Giam gia mua he', 15.00, '2024-08-31'),
(N'Uu dai cuoi nam', 25.00, '2024-12-31'),
(N'Flash Sale Weekend', 10.00, '2025-06-30'),
(N'Sinh nhat khach hang', 30.00, '2025-12-31'),
(N'Combo 2 dich vu', 12.00, '2025-09-30'),
(N'Khach hang moi', 50.00, '2025-12-31'),
(N'Uu dai thanh vien Vang', 20.00, '2025-12-31'),
(N'Uu dai thanh vien Bach Kim', 25.00, '2025-12-31'),
(N'Giam gia thu 2 hang tuan', 5.00, '2026-12-31');
GO

-- ============================================================
-- INSERT MEMBER_PROMOTION
-- ============================================================
INSERT INTO MEMBER_PROMOTION (UserID, PromotionID, IsUsed, AcquiredDate) VALUES
(11, 4, 0, '2024-11-27 19:55:00'),
(11, 2, 1, '2024-04-02 16:45:00'),
(12, 10, 0, '2023-03-05 17:57:00'),
(13, 10, 1, '2023-06-03 05:20:00'),
(14, 8, 0, '2024-11-27 06:45:00'),
(14, 10, 0, '2023-04-04 16:28:00'),
(15, 8, 0, '2024-06-09 13:29:00'),
(15, 10, 0, '2024-07-26 14:43:00'),
(16, 1, 0, '2023-09-18 00:47:00'),
(16, 4, 1, '2023-03-16 01:27:00'),
(17, 2, 1, '2023-03-03 02:59:00'),
(18, 5, 0, '2023-07-04 04:49:00'),
(19, 7, 0, '2024-01-27 14:55:00'),
(19, 7, 0, '2023-03-24 21:42:00'),
(20, 3, 1, '2023-12-23 03:11:00'),
(20, 9, 0, '2024-06-25 04:46:00'),
(21, 1, 0, '2023-11-02 14:43:00'),
(21, 9, 0, '2024-06-28 12:52:00'),
(21, 4, 0, '2024-04-16 11:09:00'),
(22, 2, 0, '2024-11-07 13:39:00'),
(23, 1, 0, '2023-07-31 02:06:00'),
(23, 10, 0, '2024-04-02 19:43:00'),
(24, 1, 0, '2023-02-15 12:28:00'),
(24, 4, 1, '2023-08-11 01:08:00'),
(25, 5, 0, '2024-08-12 10:36:00'),
(26, 6, 0, '2023-11-06 04:42:00'),
(27, 7, 0, '2023-10-09 01:35:00'),
(28, 3, 1, '2024-11-26 13:35:00'),
(28, 8, 0, '2023-12-19 20:42:00'),
(28, 7, 1, '2023-11-23 22:26:00'),
(29, 5, 0, '2023-07-08 17:30:00'),
(30, 4, 0, '2024-12-25 04:51:00'),
(31, 1, 1, '2024-02-27 13:35:00'),
(32, 7, 0, '2023-09-19 06:21:00'),
(33, 8, 0, '2023-04-05 17:46:00'),
(33, 4, 0, '2023-10-02 12:43:00'),
(34, 1, 0, '2023-07-12 18:46:00'),
(34, 9, 0, '2024-05-05 06:55:00'),
(35, 5, 0, '2023-08-05 06:47:00'),
(35, 2, 1, '2024-05-05 07:44:00'),
(35, 10, 1, '2023-07-29 12:58:00'),
(36, 6, 0, '2024-01-25 14:34:00'),
(37, 5, 0, '2024-01-04 16:56:00'),
(37, 8, 0, '2023-04-11 23:30:00'),
(38, 6, 0, '2024-01-15 10:26:00'),
(38, 1, 1, '2023-08-15 23:09:00'),
(40, 10, 1, '2024-03-03 09:09:00'),
(42, 10, 0, '2024-05-26 17:41:00'),
(43, 6, 0, '2024-05-15 23:41:00'),
(43, 8, 0, '2023-06-22 23:50:00'),
(43, 6, 0, '2023-05-24 23:34:00'),
(44, 9, 1, '2023-03-02 16:02:00'),
(45, 2, 1, '2023-02-19 00:26:00'),
(45, 3, 1, '2023-08-25 02:45:00'),
(47, 8, 0, '2023-03-03 19:40:00'),
(48, 10, 0, '2024-11-06 15:01:00'),
(48, 1, 1, '2024-07-18 13:00:00'),
(50, 9, 0, '2023-01-18 16:52:00'),
(50, 7, 0, '2023-04-20 03:33:00'),
(53, 6, 0, '2024-02-11 02:23:00'),
(54, 8, 1, '2023-09-07 22:14:00'),
(54, 5, 1, '2023-03-24 20:54:00'),
(54, 1, 0, '2024-02-20 12:24:00'),
(55, 1, 1, '2023-01-10 22:10:00'),
(57, 6, 1, '2023-04-08 16:58:00'),
(57, 1, 0, '2023-08-05 22:56:00'),
(58, 5, 0, '2023-03-18 21:59:00'),
(59, 9, 1, '2024-11-04 01:11:00'),
(60, 6, 0, '2023-08-01 18:09:00'),
(60, 7, 0, '2023-11-03 05:36:00'),
(60, 4, 1, '2024-02-03 21:57:00'),
(61, 7, 1, '2023-05-24 22:46:00'),
(63, 6, 0, '2023-04-11 13:14:00'),
(63, 2, 0, '2024-09-11 19:38:00'),
(64, 6, 0, '2024-10-11 08:50:00'),
(65, 8, 0, '2023-12-31 17:24:00'),
(65, 7, 0, '2024-11-27 18:42:00'),
(65, 7, 0, '2024-09-25 09:51:00'),
(66, 2, 0, '2023-10-02 04:24:00'),
(67, 3, 1, '2024-02-03 10:23:00'),
(67, 2, 0, '2023-01-06 09:28:00'),
(68, 5, 0, '2023-05-16 02:11:00'),
(69, 9, 1, '2024-06-08 13:06:00'),
(71, 2, 1, '2024-09-04 10:55:00'),
(72, 5, 0, '2024-02-02 02:46:00'),
(73, 4, 1, '2024-06-17 05:43:00'),
(73, 7, 0, '2023-05-23 08:19:00'),
(73, 5, 0, '2023-05-30 02:10:00'),
(74, 7, 0, '2024-05-10 02:23:00'),
(75, 4, 1, '2024-10-02 15:38:00'),
(76, 8, 0, '2023-05-19 09:00:00'),
(76, 7, 0, '2024-09-27 12:51:00'),
(77, 8, 0, '2024-03-16 20:38:00'),
(77, 3, 0, '2023-11-25 19:44:00'),
(78, 6, 0, '2024-02-12 10:18:00'),
(79, 8, 1, '2023-09-06 10:24:00'),
(79, 5, 0, '2024-01-09 03:59:00'),
(80, 10, 1, '2023-07-04 21:49:00'),
(81, 8, 1, '2023-08-03 14:51:00'),
(82, 2, 0, '2024-11-20 15:08:00'),
(83, 4, 0, '2024-11-05 04:45:00'),
(83, 7, 0, '2023-03-17 14:38:00'),
(84, 7, 1, '2024-06-02 22:26:00'),
(85, 6, 1, '2024-07-03 19:40:00'),
(86, 2, 0, '2024-11-04 21:22:00'),
(86, 3, 1, '2024-09-19 01:36:00'),
(86, 7, 0, '2024-03-16 03:00:00'),
(88, 9, 1, '2024-08-17 22:36:00'),
(89, 6, 0, '2024-04-19 21:37:00'),
(90, 3, 0, '2023-01-26 15:06:00'),
(90, 5, 0, '2023-03-29 03:53:00'),
(91, 3, 0, '2023-11-16 10:29:00'),
(91, 4, 1, '2024-05-09 11:30:00'),
(91, 2, 0, '2024-12-14 14:20:00'),
(94, 1, 0, '2024-10-25 03:43:00'),
(94, 3, 1, '2023-09-07 16:11:00'),
(95, 6, 1, '2024-03-12 14:14:00'),
(96, 3, 0, '2024-10-17 21:27:00'),
(96, 7, 0, '2024-09-20 06:28:00'),
(97, 7, 0, '2024-12-22 06:13:00'),
(98, 2, 1, '2023-04-15 17:11:00'),
(99, 4, 0, '2023-04-27 08:42:00'),
(100, 9, 1, '2023-11-17 19:24:00'),
(100, 10, 0, '2024-08-24 03:22:00'),
(101, 8, 1, '2023-06-26 21:45:00'),
(102, 10, 1, '2023-03-28 21:08:00'),
(102, 6, 0, '2023-09-02 09:07:00'),
(104, 9, 0, '2024-03-04 19:08:00'),
(104, 10, 0, '2024-03-09 05:31:00'),
(105, 3, 1, '2023-06-20 15:18:00'),
(105, 3, 0, '2023-11-19 14:39:00'),
(107, 1, 0, '2023-05-20 06:52:00'),
(108, 9, 1, '2024-10-30 15:26:00'),
(109, 7, 1, '2024-03-30 15:10:00'),
(109, 2, 1, '2023-02-01 07:18:00'),
(111, 5, 0, '2024-04-13 18:47:00'),
(112, 8, 1, '2024-06-07 03:36:00'),
(112, 2, 0, '2024-07-10 11:34:00'),
(113, 1, 1, '2024-03-27 17:13:00'),
(113, 7, 0, '2024-10-31 07:19:00'),
(114, 1, 0, '2023-09-27 11:55:00'),
(114, 2, 0, '2023-05-01 07:13:00'),
(115, 10, 1, '2023-12-26 22:39:00'),
(115, 7, 0, '2024-09-22 04:50:00'),
(116, 4, 0, '2024-08-06 11:34:00'),
(117, 9, 0, '2023-11-28 22:18:00'),
(118, 5, 1, '2024-11-26 03:08:00'),
(119, 7, 0, '2023-10-11 20:08:00'),
(119, 3, 0, '2023-05-30 22:20:00'),
(119, 4, 1, '2024-02-07 15:09:00'),
(120, 5, 1, '2024-02-29 12:28:00'),
(122, 2, 0, '2024-06-11 23:17:00'),
(122, 6, 0, '2024-05-14 10:37:00'),
(124, 2, 1, '2024-04-14 20:42:00'),
(124, 6, 0, '2024-07-01 12:13:00'),
(125, 4, 0, '2023-10-02 10:53:00'),
(125, 5, 0, '2024-07-14 18:08:00'),
(125, 10, 0, '2023-12-18 21:48:00'),
(128, 8, 0, '2023-05-08 05:28:00'),
(128, 8, 0, '2024-03-14 06:44:00'),
(129, 5, 0, '2023-10-08 02:41:00'),
(129, 6, 0, '2023-03-26 11:42:00'),
(129, 3, 0, '2024-02-10 20:19:00'),
(130, 4, 0, '2024-11-02 02:45:00'),
(130, 2, 0, '2023-08-07 15:04:00'),
(132, 8, 0, '2023-01-09 22:21:00'),
(133, 7, 1, '2023-05-16 15:04:00'),
(133, 4, 0, '2023-04-02 23:51:00'),
(135, 5, 0, '2024-01-27 04:41:00'),
(136, 3, 0, '2024-06-27 18:00:00'),
(136, 10, 1, '2023-06-18 14:22:00'),
(136, 4, 1, '2023-06-05 13:39:00'),
(137, 4, 0, '2023-04-13 04:48:00'),
(137, 2, 1, '2024-01-29 11:27:00'),
(138, 3, 0, '2023-10-11 20:05:00'),
(139, 10, 1, '2024-09-14 09:49:00'),
(140, 1, 1, '2023-11-05 06:33:00'),
(140, 10, 1, '2023-07-13 23:25:00'),
(140, 5, 1, '2023-02-25 07:31:00'),
(141, 4, 0, '2024-10-15 19:04:00'),
(142, 1, 0, '2023-11-21 04:24:00'),
(143, 10, 0, '2024-01-10 17:43:00'),
(143, 3, 0, '2023-03-16 00:37:00'),
(145, 1, 0, '2024-02-12 16:18:00'),
(146, 9, 0, '2024-03-09 22:25:00'),
(146, 2, 1, '2024-07-03 17:39:00'),
(150, 3, 1, '2023-12-01 12:37:00'),
(150, 2, 0, '2024-12-16 13:46:00'),
(150, 4, 0, '2023-09-08 02:59:00'),
(151, 8, 1, '2024-09-15 01:19:00'),
(152, 3, 0, '2023-01-13 22:08:00'),
(152, 1, 0, '2024-05-23 11:33:00'),
(153, 5, 0, '2024-01-16 04:47:00'),
(154, 5, 1, '2023-05-01 00:21:00'),
(154, 7, 0, '2024-06-20 02:16:00'),
(155, 10, 1, '2023-03-20 15:29:00'),
(155, 9, 0, '2023-02-26 15:54:00'),
(156, 6, 0, '2023-09-19 03:57:00'),
(157, 2, 0, '2024-06-05 00:02:00'),
(158, 1, 0, '2023-02-17 15:23:00'),
(158, 7, 0, '2023-07-03 01:35:00'),
(159, 7, 0, '2023-11-26 07:26:00'),
(159, 6, 0, '2023-03-21 18:23:00'),
(161, 1, 0, '2023-08-17 16:02:00'),
(161, 7, 0, '2024-04-21 09:49:00'),
(162, 6, 0, '2024-07-20 14:00:00'),
(162, 6, 0, '2023-10-26 18:50:00'),
(163, 10, 0, '2024-04-20 11:37:00'),
(164, 4, 1, '2024-07-13 07:09:00'),
(164, 1, 0, '2023-01-25 07:34:00'),
(164, 6, 1, '2024-12-11 00:21:00'),
(166, 5, 0, '2023-07-30 16:15:00'),
(166, 7, 0, '2023-03-03 04:45:00'),
(167, 1, 0, '2024-06-16 13:44:00'),
(168, 8, 1, '2023-03-28 18:06:00'),
(168, 9, 0, '2024-10-14 12:04:00'),
(169, 1, 0, '2024-11-09 04:15:00'),
(170, 6, 0, '2024-12-18 23:20:00'),
(171, 5, 0, '2023-03-18 06:08:00'),
(172, 10, 0, '2023-06-09 03:10:00'),
(172, 8, 0, '2023-11-18 13:07:00'),
(173, 4, 0, '2023-11-12 14:16:00'),
(174, 2, 0, '2024-12-03 09:52:00'),
(174, 10, 0, '2023-08-09 10:09:00'),
(176, 6, 0, '2024-06-09 01:43:00'),
(177, 3, 0, '2024-02-19 14:35:00'),
(178, 4, 0, '2024-04-18 03:51:00'),
(178, 3, 0, '2023-01-13 01:53:00'),
(179, 4, 0, '2023-07-22 12:23:00'),
(179, 2, 1, '2024-08-23 08:58:00'),
(180, 1, 0, '2023-07-22 20:28:00'),
(180, 3, 0, '2023-12-06 03:02:00'),
(181, 1, 0, '2024-08-10 13:52:00'),
(181, 7, 0, '2023-01-31 12:43:00'),
(181, 7, 0, '2023-12-29 06:58:00'),
(183, 3, 0, '2024-09-20 19:39:00'),
(184, 5, 0, '2024-02-26 17:30:00'),
(186, 3, 0, '2023-07-24 20:56:00'),
(187, 4, 1, '2024-07-10 00:24:00'),
(187, 6, 0, '2024-07-11 15:22:00'),
(188, 9, 0, '2024-02-02 08:11:00'),
(188, 1, 0, '2024-09-03 07:01:00'),
(188, 5, 0, '2024-04-28 16:22:00'),
(189, 4, 0, '2023-04-13 07:42:00'),
(189, 4, 0, '2024-06-30 23:03:00'),
(190, 4, 1, '2024-02-02 11:59:00'),
(190, 3, 0, '2023-08-31 18:20:00'),
(191, 6, 1, '2023-01-29 22:44:00'),
(191, 6, 1, '2024-07-31 04:36:00'),
(192, 8, 1, '2023-11-13 05:31:00'),
(192, 1, 0, '2023-02-27 07:38:00'),
(192, 4, 0, '2024-06-23 15:00:00'),
(193, 10, 0, '2023-05-14 10:45:00'),
(195, 6, 0, '2023-01-23 04:37:00'),
(195, 3, 0, '2024-06-22 11:04:00'),
(196, 7, 1, '2023-04-14 10:19:00'),
(197, 3, 1, '2024-03-23 20:31:00'),
(198, 3, 1, '2024-07-29 22:56:00'),
(198, 10, 0, '2023-08-17 21:37:00'),
(199, 7, 0, '2024-12-06 09:08:00'),
(199, 3, 1, '2023-01-02 22:36:00'),
(200, 10, 0, '2023-07-06 19:20:00'),
(201, 10, 0, '2024-10-16 18:06:00'),
(201, 8, 0, '2023-12-06 23:04:00'),
(201, 4, 0, '2023-11-24 05:40:00'),
(202, 2, 1, '2024-11-17 20:46:00'),
(202, 6, 0, '2023-01-12 08:13:00'),
(203, 2, 0, '2023-09-20 03:46:00'),
(205, 7, 0, '2024-02-28 15:56:00'),
(206, 9, 0, '2023-04-14 15:50:00'),
(207, 4, 0, '2024-04-07 02:51:00'),
(207, 1, 0, '2023-01-21 10:16:00'),
(208, 2, 0, '2023-06-24 12:10:00'),
(208, 2, 1, '2023-04-06 10:38:00'),
(208, 10, 0, '2024-12-22 00:27:00'),
(209, 3, 1, '2024-03-20 05:03:00'),
(209, 2, 0, '2023-07-30 06:26:00'),
(209, 9, 1, '2024-07-07 08:42:00'),
(210, 4, 0, '2023-02-20 12:36:00');
GO

-- ============================================================
-- INSERT BOOKING
-- ============================================================
INSERT INTO BOOKING (CustomerID, MemberPromoID, BookingDate, CheckInTime, VehicleType, LicensePlate, TotalPrice, FinalPrice, Status) VALUES
(187, NULL, '2023-04-09 05:49:00', '2023-04-09 05:49:00', N'CAR', N'53G-97862', 200000.00, 160000.00, 5),
(48, 56, '2023-07-30 17:53:00', '2023-07-30 17:53:00', N'BIKE', N'53E-13113', 80000.00, 80000.00, 4),
(152, NULL, '2023-07-02 08:35:00', NULL, N'CAR', N'59R-60860', 80000.00, 64000.00, 4),
(118, NULL, '2024-02-03 21:07:00', '2024-02-03 21:07:00', N'BIKE', N'53X-15965', 100000.00, 75000.00, 4),
(101, NULL, '2023-04-19 09:50:00', '2023-04-19 09:50:00', N'BIKE', N'53L-67367', 50000.00, 50000.00, 4),
(50, NULL, '2024-04-30 05:34:00', '2024-04-30 05:34:00', N'BIKE', N'32L-93105', 150000.00, 128000.00, 4),
(18, NULL, '2023-01-12 17:55:00', '2023-01-12 17:55:00', N'CAR', N'52A-85067', 500000.00, 375000.00, 4),
(178, 228, '2023-11-09 06:47:00', '2023-11-09 06:47:00', N'CAR', N'57R-94663', 120000.00, 108000.00, 3),
(52, NULL, '2023-07-18 03:11:00', '2023-07-18 03:11:00', N'BIKE', N'52V-70458', 120000.00, 120000.00, 2),
(115, 144, '2023-09-14 03:12:00', '2023-09-14 03:12:00', N'BIKE', N'43N-26805', 200000.00, 150000.00, 3),
(196, NULL, '2023-11-22 15:28:00', '2023-11-22 15:28:00', N'CAR', N'33E-84128', 500000.00, 425000.00, 4),
(78, NULL, '2024-03-14 05:00:00', '2024-03-14 05:00:00', N'CAR', N'49K-57118', 150000.00, 128000.00, 4),
(54, NULL, '2024-04-18 14:22:00', '2024-04-18 14:22:00', N'BIKE', N'32D-33038', 500000.00, 425000.00, 2),
(236, NULL, '2023-05-24 17:12:00', '2023-05-24 17:12:00', N'CAR', N'53A-76476', 50000.00, 38000.00, 4),
(170, NULL, '2024-02-19 18:13:00', '2024-02-19 18:13:00', N'BIKE', N'59V-80736', 80000.00, 72000.00, 4),
(164, 210, '2023-08-17 18:46:00', '2023-08-17 18:46:00', N'CAR', N'30U-76900', 100000.00, 75000.00, 4),
(18, NULL, '2024-09-20 21:10:00', '2024-09-20 21:10:00', N'CAR', N'30F-33480', 500000.00, 450000.00, 5),
(36, NULL, '2024-05-10 11:02:00', '2024-05-10 11:02:00', N'BIKE', N'58C-44649', 25000.00, 22000.00, 4),
(258, NULL, '2025-03-21 11:24:00', '2025-03-21 11:24:00', N'BIKE', N'52B-95003', 25000.00, 19000.00, 3),
(152, NULL, '2024-10-10 08:53:00', '2024-10-10 08:53:00', N'BIKE', N'32X-32786', 50000.00, 42000.00, 4),
(156, NULL, '2023-03-21 16:16:00', '2023-03-21 16:16:00', N'CAR', N'31P-56255', 25000.00, 20000.00, 4),
(211, NULL, '2023-01-07 16:56:00', '2023-01-07 16:56:00', N'CAR', N'58C-77441', 300000.00, 270000.00, 4),
(152, NULL, '2023-06-11 11:38:00', '2023-06-11 11:38:00', N'CAR', N'58R-53283', 100000.00, 80000.00, 4),
(114, NULL, '2024-08-27 05:41:00', '2024-08-27 05:41:00', N'CAR', N'58B-26762', 500000.00, 450000.00, 4),
(140, NULL, '2023-02-10 18:09:00', NULL, N'CAR', N'56U-63143', 500000.00, 500000.00, 5),
(131, NULL, '2025-01-06 23:42:00', '2025-01-06 23:42:00', N'CAR', N'57S-89498', 80000.00, 72000.00, 5),
(186, NULL, '2023-08-13 13:38:00', '2023-08-13 13:38:00', N'BIKE', N'56Y-96461', 120000.00, 102000.00, 4),
(112, NULL, '2024-09-02 18:04:00', '2024-09-02 18:04:00', N'BIKE', N'55D-12170', 200000.00, 150000.00, 4),
(258, NULL, '2023-06-03 19:06:00', '2023-06-03 19:06:00', N'BIKE', N'52V-75972', 100000.00, 90000.00, 2),
(236, NULL, '2024-09-09 17:52:00', NULL, N'BIKE', N'31R-58546', 50000.00, 40000.00, 4),
(138, NULL, '2023-08-23 15:50:00', '2023-08-23 15:50:00', N'CAR', N'33X-22807', 50000.00, 40000.00, 3),
(33, NULL, '2023-03-27 09:38:00', '2023-03-27 09:38:00', N'BIKE', N'59G-10716', 50000.00, 50000.00, 4),
(87, NULL, '2024-01-20 20:13:00', '2024-01-20 20:13:00', N'CAR', N'49N-23970', 150000.00, 112000.00, 4),
(275, NULL, '2023-09-17 08:54:00', '2023-09-17 08:54:00', N'BIKE', N'47Y-46118', 50000.00, 40000.00, 4),
(38, NULL, '2024-07-19 17:30:00', '2024-07-19 17:30:00', N'BIKE', N'32T-43263', 300000.00, 240000.00, 4),
(144, NULL, '2024-11-06 03:47:00', '2024-11-06 03:47:00', N'CAR', N'54G-76629', 50000.00, 38000.00, 4),
(100, NULL, '2024-09-20 22:43:00', '2024-09-20 22:43:00', N'CAR', N'48A-21939', 150000.00, 112000.00, 4),
(118, NULL, '2023-03-07 08:14:00', '2023-03-07 08:14:00', N'BIKE', N'52P-62513', 500000.00, 425000.00, 4),
(22, NULL, '2024-12-29 19:03:00', '2024-12-29 19:03:00', N'CAR', N'29S-11403', 200000.00, 150000.00, 5),
(132, 166, '2023-02-04 19:32:00', '2023-02-04 19:32:00', N'CAR', N'56B-57151', 200000.00, 180000.00, 4),
(291, NULL, '2025-03-09 12:22:00', '2025-03-09 12:22:00', N'BIKE', N'33G-77861', 50000.00, 50000.00, 4),
(74, NULL, '2023-04-03 17:18:00', '2023-04-03 17:18:00', N'BIKE', N'33N-55544', 300000.00, 270000.00, 4),
(81, NULL, '2024-02-18 18:00:00', '2024-02-18 18:00:00', N'BIKE', N'31D-83220', 100000.00, 85000.00, 4),
(195, NULL, '2023-04-30 16:16:00', '2023-04-30 16:16:00', N'BIKE', N'59S-59424', 500000.00, 450000.00, 4),
(222, NULL, '2025-03-05 14:43:00', '2025-03-05 14:43:00', N'BIKE', N'51T-25239', 300000.00, 270000.00, 2),
(81, NULL, '2024-11-24 22:14:00', '2024-11-24 22:14:00', N'BIKE', N'47U-80208', 50000.00, 42000.00, 4),
(192, NULL, '2023-09-12 09:05:00', '2023-09-12 09:05:00', N'CAR', N'53V-33394', 80000.00, 72000.00, 4),
(75, NULL, '2023-10-03 05:47:00', '2023-10-03 05:47:00', N'CAR', N'29G-40783', 200000.00, 180000.00, 5),
(213, NULL, '2023-08-23 06:53:00', '2023-08-23 06:53:00', N'BIKE', N'47E-23983', 100000.00, 80000.00, 5),
(185, NULL, '2024-09-20 00:48:00', '2024-09-20 00:48:00', N'CAR', N'29N-91352', 25000.00, 19000.00, 4),
(283, NULL, '2023-10-09 15:11:00', '2023-10-09 15:11:00', N'BIKE', N'59P-39110', 500000.00, 375000.00, 3),
(93, NULL, '2025-03-29 13:30:00', '2025-03-29 13:30:00', N'CAR', N'31N-61605', 150000.00, 150000.00, 4),
(170, NULL, '2024-12-16 16:29:00', '2024-12-16 16:29:00', N'CAR', N'51G-59732', 500000.00, 425000.00, 3),
(71, NULL, '2023-09-23 05:35:00', '2023-09-23 05:35:00', N'CAR', N'29Y-54970', 25000.00, 20000.00, 4),
(201, NULL, '2023-08-04 13:44:00', '2023-08-04 13:44:00', N'CAR', N'48K-69077', 150000.00, 112000.00, 4),
(90, NULL, '2023-04-13 23:17:00', '2023-04-13 23:17:00', N'BIKE', N'49P-35698', 150000.00, 135000.00, 4),
(97, 120, '2023-01-10 05:26:00', '2023-01-10 05:26:00', N'BIKE', N'32M-73782', 300000.00, 225000.00, 4),
(180, NULL, '2024-12-08 05:03:00', '2024-12-08 05:03:00', N'CAR', N'29D-68963', 25000.00, 21000.00, 4),
(292, NULL, '2023-09-21 11:01:00', '2023-09-21 11:01:00', N'CAR', N'57X-85483', 120000.00, 102000.00, 4),
(266, NULL, '2023-12-30 10:43:00', '2023-12-30 10:43:00', N'BIKE', N'53P-90434', 300000.00, 270000.00, 4),
(228, NULL, '2023-06-21 20:51:00', '2023-06-21 20:51:00', N'BIKE', N'33P-19351', 100000.00, 90000.00, 4),
(117, NULL, '2023-11-18 10:41:00', '2023-11-18 10:41:00', N'CAR', N'48K-68313', 25000.00, 19000.00, 4),
(299, NULL, '2024-02-28 05:11:00', '2024-02-28 05:11:00', N'CAR', N'58K-20494', 200000.00, 200000.00, 4),
(26, 26, '2023-04-08 02:59:00', '2023-04-08 02:59:00', N'BIKE', N'52A-62037', 120000.00, 120000.00, 4),
(286, NULL, '2023-03-28 20:59:00', '2023-03-28 20:59:00', N'CAR', N'58H-47247', 80000.00, 72000.00, 4),
(265, NULL, '2024-06-23 05:01:00', NULL, N'CAR', N'43T-71235', 120000.00, 90000.00, 5),
(68, NULL, '2024-03-31 04:44:00', '2024-03-31 04:44:00', N'BIKE', N'30X-67013', 120000.00, 90000.00, 4),
(31, NULL, '2023-12-22 15:34:00', '2023-12-22 15:34:00', N'CAR', N'30L-57943', 50000.00, 42000.00, 4),
(273, NULL, '2023-01-11 00:33:00', '2023-01-11 00:33:00', N'CAR', N'47L-71498', 120000.00, 96000.00, 1),
(85, NULL, '2025-02-12 15:19:00', NULL, N'BIKE', N'41Y-40305', 50000.00, 45000.00, 4),
(243, NULL, '2024-02-26 17:27:00', '2024-02-26 17:27:00', N'CAR', N'48P-38913', 300000.00, 270000.00, 2),
(130, 165, '2024-06-13 19:51:00', '2024-06-13 19:51:00', N'CAR', N'41V-45235', 50000.00, 50000.00, 4),
(266, NULL, '2023-04-24 20:29:00', '2023-04-24 20:29:00', N'CAR', N'29G-52027', 50000.00, 38000.00, 4),
(210, 279, '2023-01-23 05:06:00', '2023-01-23 05:06:00', N'CAR', N'30A-40514', 100000.00, 80000.00, 4),
(297, NULL, '2023-11-16 15:23:00', '2023-11-16 15:23:00', N'CAR', N'43C-29148', 50000.00, 40000.00, 4),
(63, 73, '2023-03-15 17:30:00', '2023-03-15 17:30:00', N'CAR', N'48A-25985', 200000.00, 160000.00, 4),
(97, NULL, '2023-07-23 14:47:00', '2023-07-23 14:47:00', N'BIKE', N'57T-61003', 300000.00, 270000.00, 5),
(132, NULL, '2024-10-06 23:02:00', '2024-10-06 23:02:00', N'BIKE', N'31D-43202', 80000.00, 72000.00, 4),
(79, NULL, '2024-01-05 01:55:00', '2024-01-05 01:55:00', N'CAR', N'58R-52534', 50000.00, 42000.00, 4),
(79, 97, '2024-02-10 07:00:00', '2024-02-10 07:00:00', N'BIKE', N'29Y-30315', 25000.00, 22000.00, 4),
(92, NULL, '2024-12-03 19:21:00', '2024-12-03 19:21:00', N'CAR', N'52N-94485', 150000.00, 150000.00, 4),
(105, NULL, '2023-05-09 15:14:00', '2023-05-09 15:14:00', N'BIKE', N'47S-35292', 50000.00, 42000.00, 4),
(25, NULL, '2023-09-14 01:31:00', '2023-09-14 01:31:00', N'BIKE', N'41V-74237', 200000.00, 150000.00, 4),
(88, NULL, '2025-01-19 14:17:00', '2025-01-19 14:17:00', N'BIKE', N'32F-19027', 120000.00, 102000.00, 4),
(154, 195, '2023-09-27 17:23:00', '2023-09-27 17:23:00', N'BIKE', N'48F-12453', 500000.00, 375000.00, 5),
(63, NULL, '2024-11-05 17:52:00', '2024-11-05 17:52:00', N'BIKE', N'29V-30202', 500000.00, 400000.00, 4),
(130, 164, '2023-04-24 03:33:00', '2023-04-24 03:33:00', N'CAR', N'55F-14099', 200000.00, 180000.00, 3),
(207, 271, '2024-11-04 15:33:00', '2024-11-04 15:33:00', N'BIKE', N'59B-58018', 200000.00, 200000.00, 4),
(40, NULL, '2024-11-02 15:59:00', '2024-11-02 15:59:00', N'CAR', N'30B-57307', 120000.00, 96000.00, 4),
(205, NULL, '2024-01-13 22:03:00', '2024-01-13 22:03:00', N'CAR', N'31B-19225', 300000.00, 270000.00, 2),
(253, NULL, '2023-04-10 03:46:00', '2023-04-10 03:46:00', N'BIKE', N'57G-78969', 200000.00, 180000.00, 4),
(238, NULL, '2024-07-25 23:35:00', '2024-07-25 23:35:00', N'CAR', N'33N-98407', 80000.00, 64000.00, 4),
(209, NULL, '2023-04-17 05:50:00', '2023-04-17 05:50:00', N'BIKE', N'31M-96184', 150000.00, 112000.00, 4),
(139, NULL, '2023-12-27 10:35:00', '2023-12-27 10:35:00', N'CAR', N'47R-93000', 50000.00, 42000.00, 4),
(157, 199, '2024-09-15 07:36:00', '2024-09-15 07:36:00', N'BIKE', N'32K-57187', 80000.00, 64000.00, 4),
(275, NULL, '2023-10-19 19:01:00', '2023-10-19 19:01:00', N'CAR', N'51L-39083', 200000.00, 200000.00, 5),
(122, NULL, '2025-03-01 22:52:00', '2025-03-01 22:52:00', N'BIKE', N'31V-84798', 500000.00, 500000.00, 4),
(89, NULL, '2023-06-09 04:16:00', '2023-06-09 04:16:00', N'BIKE', N'58H-43586', 300000.00, 240000.00, 2),
(160, NULL, '2023-08-11 23:04:00', '2023-08-11 23:04:00', N'BIKE', N'56T-85527', 100000.00, 85000.00, 4),
(13, NULL, '2023-02-08 23:51:00', '2023-02-08 23:51:00', N'CAR', N'52M-55603', 50000.00, 50000.00, 4),
(142, NULL, '2025-02-27 07:47:00', '2025-02-27 07:47:00', N'BIKE', N'51P-17094', 300000.00, 255000.00, 4),
(272, NULL, '2023-06-03 10:32:00', '2023-06-03 10:32:00', N'CAR', N'52P-68407', 500000.00, 500000.00, 4),
(78, NULL, '2023-08-16 13:18:00', '2023-08-16 13:18:00', N'CAR', N'55M-20819', 80000.00, 80000.00, 4),
(211, NULL, '2023-09-26 02:25:00', '2023-09-26 02:25:00', N'CAR', N'55T-83308', 200000.00, 150000.00, 4),
(106, NULL, '2023-07-20 17:39:00', '2023-07-20 17:39:00', N'BIKE', N'58H-19390', 300000.00, 255000.00, 4),
(143, NULL, '2024-12-02 18:05:00', '2024-12-02 18:05:00', N'BIKE', N'49N-55653', 200000.00, 150000.00, 4),
(294, NULL, '2025-02-27 09:10:00', '2025-02-27 09:10:00', N'BIKE', N'30Y-29112', 80000.00, 72000.00, 1),
(33, 35, '2023-07-24 21:23:00', '2023-07-24 21:23:00', N'CAR', N'54B-41856', 500000.00, 425000.00, 5),
(185, NULL, '2023-11-09 14:30:00', NULL, N'CAR', N'32G-36712', 120000.00, 102000.00, 4),
(185, NULL, '2024-07-15 15:39:00', '2024-07-15 15:39:00', N'CAR', N'51P-86415', 120000.00, 108000.00, 1),
(263, NULL, '2023-03-03 09:12:00', '2023-03-03 09:12:00', N'BIKE', N'59B-70943', 50000.00, 42000.00, 2),
(185, NULL, '2024-11-09 21:23:00', '2024-11-09 21:23:00', N'CAR', N'41P-40299', 50000.00, 50000.00, 4),
(106, NULL, '2023-11-20 15:55:00', '2023-11-20 15:55:00', N'CAR', N'56G-75621', 80000.00, 80000.00, 4),
(59, NULL, '2023-02-10 07:59:00', '2023-02-10 07:59:00', N'CAR', N'29P-30578', 50000.00, 42000.00, 4),
(161, NULL, '2023-12-30 20:19:00', '2023-12-30 20:19:00', N'BIKE', N'59B-92023', 300000.00, 300000.00, 5),
(55, NULL, '2023-10-14 07:09:00', '2023-10-14 07:09:00', N'BIKE', N'55C-60096', 120000.00, 90000.00, 5),
(185, NULL, '2024-10-02 21:14:00', '2024-10-02 21:14:00', N'BIKE', N'55R-50944', 500000.00, 375000.00, 4),
(132, NULL, '2023-05-15 06:41:00', '2023-05-15 06:41:00', N'BIKE', N'57E-50501', 120000.00, 96000.00, 5),
(114, 141, '2025-02-27 04:41:00', '2025-02-27 04:41:00', N'CAR', N'43C-83051', 120000.00, 120000.00, 5),
(200, 262, '2025-01-14 00:48:00', '2025-01-14 00:48:00', N'BIKE', N'49L-68065', 300000.00, 270000.00, 4),
(88, NULL, '2023-01-27 19:39:00', '2023-01-27 19:39:00', N'BIKE', N'58Y-40432', 200000.00, 170000.00, 4),
(105, 131, '2023-03-23 22:49:00', '2023-03-23 22:49:00', N'BIKE', N'29N-34114', 50000.00, 45000.00, 4),
(249, NULL, '2023-02-03 13:48:00', '2023-02-03 13:48:00', N'CAR', N'49H-97993', 200000.00, 200000.00, 4),
(212, NULL, '2023-07-01 14:55:00', '2023-07-01 14:55:00', N'CAR', N'30H-66040', 50000.00, 38000.00, 4),
(33, NULL, '2025-01-22 12:46:00', '2025-01-22 12:46:00', N'BIKE', N'33Y-80275', 120000.00, 120000.00, 4),
(52, NULL, '2024-04-07 14:52:00', '2024-04-07 14:52:00', N'CAR', N'31V-61853', 50000.00, 38000.00, 4),
(25, NULL, '2025-02-22 20:03:00', '2025-02-22 20:03:00', N'BIKE', N'48L-47475', 80000.00, 68000.00, 4),
(184, NULL, '2023-02-25 22:33:00', '2023-02-25 22:33:00', N'BIKE', N'30C-75622', 100000.00, 75000.00, 4),
(140, NULL, '2024-12-13 17:08:00', '2024-12-13 17:08:00', N'CAR', N'30A-33445', 80000.00, 72000.00, 4),
(279, NULL, '2024-04-10 02:16:00', '2024-04-10 02:16:00', N'CAR', N'54C-24963', 80000.00, 80000.00, 4),
(27, NULL, '2024-06-20 22:24:00', '2024-06-20 22:24:00', N'BIKE', N'56P-82134', 50000.00, 45000.00, 1),
(117, NULL, '2024-08-02 21:55:00', '2024-08-02 21:55:00', N'CAR', N'56B-64995', 300000.00, 240000.00, 4),
(43, NULL, '2023-07-05 03:57:00', '2023-07-05 03:57:00', N'CAR', N'51Y-43175', 50000.00, 40000.00, 4),
(86, NULL, '2023-01-06 19:56:00', '2023-01-06 19:56:00', N'CAR', N'33T-69472', 50000.00, 38000.00, 4),
(259, NULL, '2023-09-08 17:17:00', '2023-09-08 17:17:00', N'BIKE', N'57B-34227', 150000.00, 128000.00, 2),
(89, 109, '2023-02-07 04:54:00', NULL, N'BIKE', N'41M-21495', 50000.00, 45000.00, 3),
(17, NULL, '2024-09-17 21:44:00', '2024-09-17 21:44:00', N'BIKE', N'32F-69682', 500000.00, 500000.00, 4),
(55, NULL, '2023-04-06 09:20:00', '2023-04-06 09:20:00', N'BIKE', N'53R-82151', 100000.00, 90000.00, 4),
(144, NULL, '2023-05-05 22:55:00', '2023-05-05 22:55:00', N'BIKE', N'49U-37504', 200000.00, 200000.00, 4),
(188, NULL, '2024-08-08 23:40:00', '2024-08-08 23:40:00', N'CAR', N'29Y-47642', 50000.00, 42000.00, 4),
(123, NULL, '2024-08-11 19:22:00', '2024-08-11 19:22:00', N'BIKE', N'33T-78118', 80000.00, 72000.00, 4),
(132, NULL, '2024-09-16 07:45:00', '2024-09-16 07:45:00', N'CAR', N'51D-13143', 80000.00, 80000.00, 4),
(189, 244, '2025-01-25 06:51:00', '2025-01-25 06:51:00', N'BIKE', N'49B-53750', 25000.00, 22000.00, 4),
(102, NULL, '2024-12-07 09:16:00', '2024-12-07 09:16:00', N'CAR', N'41U-82088', 25000.00, 25000.00, 4),
(62, NULL, '2023-12-16 12:46:00', '2023-12-16 12:46:00', N'CAR', N'56G-53321', 25000.00, 20000.00, 5),
(58, NULL, '2024-04-30 01:41:00', '2024-04-30 01:41:00', N'CAR', N'30V-53923', 80000.00, 64000.00, 4),
(62, NULL, '2023-02-27 16:19:00', '2023-02-27 16:19:00', N'CAR', N'32V-12453', 200000.00, 170000.00, 4),
(114, NULL, '2025-03-29 11:04:00', '2025-03-29 11:04:00', N'CAR', N'51M-59183', 120000.00, 90000.00, 4),
(219, NULL, '2023-07-11 19:07:00', '2023-07-11 19:07:00', N'CAR', N'43B-45585', 50000.00, 45000.00, 2),
(248, NULL, '2024-01-16 14:53:00', '2024-01-16 14:53:00', N'CAR', N'31L-32939', 100000.00, 100000.00, 4),
(24, NULL, '2025-03-07 06:58:00', NULL, N'BIKE', N'51T-75543', 150000.00, 120000.00, 4),
(112, 138, '2024-06-20 09:49:00', '2024-06-20 09:49:00', N'CAR', N'31E-36894', 50000.00, 38000.00, 4),
(31, NULL, '2023-02-15 21:54:00', '2023-02-15 21:54:00', N'CAR', N'43S-16047', 100000.00, 85000.00, 4),
(116, NULL, '2023-01-24 18:48:00', '2023-01-24 18:48:00', N'CAR', N'43G-35237', 300000.00, 255000.00, 4),
(12, NULL, '2024-11-18 03:17:00', '2024-11-18 03:17:00', N'CAR', N'54A-91650', 120000.00, 108000.00, 4),
(81, NULL, '2024-07-16 10:17:00', '2024-07-16 10:17:00', N'CAR', N'33H-32449', 100000.00, 85000.00, 4),
(55, NULL, '2024-07-07 14:03:00', '2024-07-07 14:03:00', N'BIKE', N'52D-60279', 50000.00, 40000.00, 2),
(49, NULL, '2023-07-03 22:38:00', '2023-07-03 22:38:00', N'BIKE', N'47L-53559', 200000.00, 150000.00, 4),
(132, NULL, '2023-03-22 14:36:00', '2023-03-22 14:36:00', N'BIKE', N'54S-50683', 80000.00, 72000.00, 4),
(60, NULL, '2023-05-28 19:16:00', '2023-05-28 19:16:00', N'BIKE', N'56M-52567', 80000.00, 80000.00, 4),
(34, NULL, '2023-12-26 15:29:00', '2023-12-26 15:29:00', N'CAR', N'47Y-85324', 150000.00, 120000.00, 4),
(136, NULL, '2025-03-26 03:20:00', '2025-03-26 03:20:00', N'CAR', N'41V-70420', 50000.00, 45000.00, 4),
(232, NULL, '2024-07-15 05:30:00', '2024-07-15 05:30:00', N'CAR', N'57X-66511', 50000.00, 42000.00, 4),
(36, NULL, '2024-07-11 22:15:00', '2024-07-11 22:15:00', N'CAR', N'33T-24984', 500000.00, 425000.00, 4),
(178, 227, '2024-03-31 05:19:00', '2024-03-31 05:19:00', N'CAR', N'54Y-59664', 25000.00, 25000.00, 4),
(58, NULL, '2024-08-17 20:51:00', NULL, N'CAR', N'55S-79632', 300000.00, 225000.00, 4),
(53, NULL, '2023-07-30 21:56:00', '2023-07-30 21:56:00', N'BIKE', N'41R-55123', 100000.00, 75000.00, 4),
(112, NULL, '2024-02-18 04:54:00', '2024-02-18 04:54:00', N'CAR', N'32B-10110', 120000.00, 102000.00, 4),
(23, NULL, '2023-04-23 09:55:00', NULL, N'BIKE', N'33P-91948', 25000.00, 20000.00, 4),
(254, NULL, '2024-07-12 06:42:00', '2024-07-12 06:42:00', N'CAR', N'57V-60409', 25000.00, 22000.00, 4),
(263, NULL, '2023-10-23 21:08:00', '2023-10-23 21:08:00', N'CAR', N'51E-73792', 50000.00, 45000.00, 5),
(202, NULL, '2023-03-28 04:41:00', '2023-03-28 04:41:00', N'BIKE', N'49Y-33566', 80000.00, 60000.00, 4),
(77, NULL, '2024-01-29 11:14:00', '2024-01-29 11:14:00', N'BIKE', N'51X-75294', 200000.00, 170000.00, 4),
(251, NULL, '2024-07-13 18:23:00', NULL, N'CAR', N'33T-58310', 100000.00, 100000.00, 4),
(193, 253, '2023-05-26 23:46:00', '2023-05-26 23:46:00', N'CAR', N'30U-20254', 120000.00, 120000.00, 5),
(135, NULL, '2024-12-01 20:34:00', '2024-12-01 20:34:00', N'CAR', N'52M-80127', 50000.00, 38000.00, 4),
(143, NULL, '2024-08-10 23:21:00', '2024-08-10 23:21:00', N'CAR', N'41F-14630', 500000.00, 375000.00, 4),
(269, NULL, '2024-10-06 15:37:00', '2024-10-06 15:37:00', N'CAR', N'41Y-13578', 300000.00, 270000.00, 4),
(277, NULL, '2024-06-01 02:54:00', '2024-06-01 02:54:00', N'CAR', N'55Y-46827', 300000.00, 300000.00, 5),
(193, NULL, '2025-01-29 03:38:00', '2025-01-29 03:38:00', N'BIKE', N'55S-58466', 150000.00, 135000.00, 4),
(254, NULL, '2024-05-11 05:51:00', '2024-05-11 05:51:00', N'CAR', N'43C-29014', 500000.00, 450000.00, 5),
(103, NULL, '2024-05-22 13:49:00', '2024-05-22 13:49:00', N'BIKE', N'56G-85727', 25000.00, 21000.00, 2),
(114, NULL, '2025-02-12 03:03:00', '2025-02-12 03:03:00', N'BIKE', N'29L-72425', 120000.00, 96000.00, 4),
(193, NULL, '2023-05-29 16:55:00', '2023-05-29 16:55:00', N'CAR', N'30P-98931', 25000.00, 25000.00, 5),
(270, NULL, '2023-04-10 17:40:00', '2023-04-10 17:40:00', N'BIKE', N'59M-45432', 300000.00, 255000.00, 4),
(278, NULL, '2024-11-01 18:25:00', '2024-11-01 18:25:00', N'CAR', N'33G-78151', 25000.00, 22000.00, 4),
(217, NULL, '2023-11-17 17:00:00', '2023-11-17 17:00:00', N'CAR', N'51R-22805', 120000.00, 96000.00, 3),
(232, NULL, '2023-12-26 07:46:00', '2023-12-26 07:46:00', N'CAR', N'52A-91185', 100000.00, 75000.00, 2),
(45, NULL, '2024-11-03 06:38:00', '2024-11-03 06:38:00', N'CAR', N'53Y-27027', 50000.00, 38000.00, 4),
(147, NULL, '2023-07-09 03:44:00', '2023-07-09 03:44:00', N'CAR', N'30C-93726', 80000.00, 68000.00, 5),
(153, NULL, '2025-02-26 13:44:00', '2025-02-26 13:44:00', N'CAR', N'59F-19698', 300000.00, 240000.00, 4),
(171, 219, '2023-03-03 08:52:00', '2023-03-03 08:52:00', N'BIKE', N'53T-36302', 500000.00, 400000.00, 4),
(191, NULL, '2023-08-12 19:41:00', '2023-08-12 19:41:00', N'BIKE', N'59D-14569', 100000.00, 85000.00, 2),
(265, NULL, '2025-03-06 14:01:00', '2025-03-06 14:01:00', N'CAR', N'51B-97111', 50000.00, 42000.00, 4),
(175, NULL, '2024-02-05 18:00:00', '2024-02-05 18:00:00', N'BIKE', N'29R-62941', 100000.00, 100000.00, 4),
(113, 140, '2024-01-29 22:52:00', '2024-01-29 22:52:00', N'CAR', N'33V-57044', 25000.00, 20000.00, 4),
(81, NULL, '2024-01-10 17:54:00', '2024-01-10 17:54:00', N'CAR', N'30L-94907', 200000.00, 200000.00, 4),
(48, NULL, '2024-01-29 21:12:00', '2024-01-29 21:12:00', N'BIKE', N'54N-73766', 100000.00, 80000.00, 5),
(136, NULL, '2025-01-22 06:08:00', NULL, N'CAR', N'33H-74124', 50000.00, 38000.00, 2),
(285, NULL, '2024-05-26 17:53:00', '2024-05-26 17:53:00', N'CAR', N'52M-17347', 25000.00, 25000.00, 4),
(124, 155, '2024-02-20 03:13:00', '2024-02-20 03:13:00', N'BIKE', N'30V-29523', 500000.00, 500000.00, 4),
(68, NULL, '2024-05-15 20:01:00', '2024-05-15 20:01:00', N'BIKE', N'52H-95037', 150000.00, 150000.00, 1),
(259, NULL, '2025-03-23 03:29:00', '2025-03-23 03:29:00', N'BIKE', N'53D-24965', 80000.00, 60000.00, 4),
(278, NULL, '2023-08-14 02:51:00', '2023-08-14 02:51:00', N'CAR', N'48M-25833', 500000.00, 425000.00, 4),
(160, NULL, '2025-03-23 06:48:00', NULL, N'CAR', N'43C-25826', 300000.00, 240000.00, 3),
(90, NULL, '2023-06-22 22:23:00', '2023-06-22 22:23:00', N'BIKE', N'58X-15334', 150000.00, 112000.00, 2),
(155, NULL, '2023-06-11 00:56:00', '2023-06-11 00:56:00', N'CAR', N'51F-21683', 500000.00, 400000.00, 5),
(27, NULL, '2025-03-22 15:44:00', '2025-03-22 15:44:00', N'CAR', N'59U-69037', 50000.00, 45000.00, 4),
(87, NULL, '2023-02-08 19:11:00', '2023-02-08 19:11:00', N'BIKE', N'53L-55593', 50000.00, 45000.00, 1),
(94, NULL, '2023-07-16 03:33:00', '2023-07-16 03:33:00', N'BIKE', N'47V-76524', 200000.00, 180000.00, 4),
(157, NULL, '2023-07-18 03:50:00', '2023-07-18 03:50:00', N'BIKE', N'29F-30940', 50000.00, 42000.00, 2),
(133, 168, '2023-10-19 06:27:00', '2023-10-19 06:27:00', N'BIKE', N'30B-23686', 50000.00, 45000.00, 5),
(65, 76, '2024-05-11 16:07:00', NULL, N'CAR', N'30X-85990', 25000.00, 21000.00, 4),
(228, NULL, '2023-11-30 07:06:00', '2023-11-30 07:06:00', N'BIKE', N'57P-38922', 100000.00, 80000.00, 4),
(210, NULL, '2023-02-25 13:09:00', '2023-02-25 13:09:00', N'BIKE', N'30F-60768', 25000.00, 22000.00, 3),
(164, NULL, '2024-10-09 11:17:00', '2024-10-09 11:17:00', N'CAR', N'52X-17818', 300000.00, 240000.00, 3),
(105, NULL, '2024-04-14 13:10:00', '2024-04-14 13:10:00', N'CAR', N'41Y-30550', 500000.00, 375000.00, 5),
(256, NULL, '2024-07-20 07:05:00', '2024-07-20 07:05:00', N'BIKE', N'29G-87539', 80000.00, 68000.00, 4),
(206, NULL, '2023-01-15 23:27:00', '2023-01-15 23:27:00', N'CAR', N'58M-66917', 500000.00, 375000.00, 4),
(248, NULL, '2024-08-10 00:26:00', '2024-08-10 00:26:00', N'CAR', N'29U-14406', 50000.00, 40000.00, 4),
(230, NULL, '2025-03-28 22:52:00', NULL, N'BIKE', N'58C-83202', 50000.00, 40000.00, 4),
(190, NULL, '2023-08-12 04:22:00', '2023-08-12 04:22:00', N'CAR', N'51T-97691', 300000.00, 240000.00, 4),
(206, NULL, '2025-02-04 18:01:00', '2025-02-04 18:01:00', N'BIKE', N'55P-34241', 25000.00, 25000.00, 4),
(150, NULL, '2023-03-14 12:57:00', '2023-03-14 12:57:00', N'BIKE', N'52L-65823', 300000.00, 225000.00, 4),
(166, NULL, '2025-03-24 06:50:00', '2025-03-24 06:50:00', N'BIKE', N'43B-77467', 25000.00, 25000.00, 5),
(36, 42, '2024-04-21 19:02:00', '2024-04-21 19:02:00', N'CAR', N'32C-83499', 200000.00, 170000.00, 3),
(224, NULL, '2024-10-26 15:47:00', '2024-10-26 15:47:00', N'BIKE', N'57H-52003', 25000.00, 19000.00, 5),
(79, NULL, '2024-11-27 13:17:00', NULL, N'CAR', N'47S-73730', 120000.00, 120000.00, 4),
(164, NULL, '2024-04-26 22:34:00', '2024-04-26 22:34:00', N'BIKE', N'41S-91389', 25000.00, 25000.00, 4),
(227, NULL, '2023-07-12 14:05:00', NULL, N'CAR', N'41C-24334', 150000.00, 135000.00, 4),
(163, NULL, '2024-05-23 04:55:00', '2024-05-23 04:55:00', N'CAR', N'41R-99443', 120000.00, 96000.00, 5),
(98, NULL, '2024-03-30 23:41:00', NULL, N'CAR', N'53A-40451', 120000.00, 96000.00, 4),
(125, NULL, '2024-08-15 10:41:00', '2024-08-15 10:41:00', N'CAR', N'29X-97274', 120000.00, 96000.00, 4),
(81, NULL, '2024-08-03 04:57:00', '2024-08-03 04:57:00', N'CAR', N'59H-73470', 25000.00, 25000.00, 5),
(34, 37, '2023-06-01 11:18:00', '2023-06-01 11:18:00', N'CAR', N'56V-47387', 150000.00, 135000.00, 5),
(192, NULL, '2023-02-12 10:36:00', '2023-02-12 10:36:00', N'CAR', N'47F-36890', 120000.00, 102000.00, 4),
(128, NULL, '2023-06-01 11:28:00', '2023-06-01 11:28:00', N'CAR', N'32L-25923', 50000.00, 40000.00, 4),
(161, NULL, '2024-04-14 10:09:00', NULL, N'BIKE', N'31M-94835', 300000.00, 255000.00, 4),
(232, NULL, '2025-02-11 18:42:00', '2025-02-11 18:42:00', N'BIKE', N'30M-24721', 80000.00, 72000.00, 5),
(163, NULL, '2024-11-25 17:07:00', '2024-11-25 17:07:00', N'BIKE', N'58S-56844', 100000.00, 75000.00, 4),
(235, NULL, '2024-08-20 16:14:00', '2024-08-20 16:14:00', N'CAR', N'57A-20956', 120000.00, 120000.00, 4),
(99, NULL, '2024-06-08 12:12:00', '2024-06-08 12:12:00', N'BIKE', N'31B-97394', 25000.00, 20000.00, 4),
(86, NULL, '2024-01-17 00:18:00', '2024-01-17 00:18:00', N'CAR', N'30V-21481', 200000.00, 160000.00, 4),
(180, NULL, '2024-03-01 14:18:00', '2024-03-01 14:18:00', N'BIKE', N'49E-86962', 500000.00, 450000.00, 2),
(189, NULL, '2024-06-21 10:04:00', '2024-06-21 10:04:00', N'BIKE', N'48C-10867', 50000.00, 42000.00, 4),
(95, NULL, '2024-07-23 14:45:00', '2024-07-23 14:45:00', N'CAR', N'57F-60039', 300000.00, 300000.00, 4),
(118, NULL, '2023-11-06 18:19:00', '2023-11-06 18:19:00', N'BIKE', N'58A-10320', 150000.00, 120000.00, 4),
(68, NULL, '2023-05-08 20:42:00', '2023-05-08 20:42:00', N'BIKE', N'56T-94513', 200000.00, 170000.00, 1),
(28, NULL, '2023-03-10 19:47:00', '2023-03-10 19:47:00', N'BIKE', N'33R-43804', 80000.00, 80000.00, 5),
(253, NULL, '2025-01-20 18:01:00', '2025-01-20 18:01:00', N'CAR', N'33B-29154', 25000.00, 22000.00, 4),
(271, NULL, '2024-01-01 05:03:00', '2024-01-01 05:03:00', N'BIKE', N'47B-47992', 300000.00, 300000.00, 4),
(186, NULL, '2024-06-10 06:49:00', '2024-06-10 06:49:00', N'CAR', N'56V-52284', 25000.00, 21000.00, 4),
(292, NULL, '2024-12-15 22:23:00', NULL, N'BIKE', N'47E-11690', 150000.00, 128000.00, 4),
(108, NULL, '2025-03-08 15:26:00', '2025-03-08 15:26:00', N'CAR', N'54G-30257', 120000.00, 108000.00, 4),
(160, NULL, '2025-03-25 17:39:00', '2025-03-25 17:39:00', N'BIKE', N'32V-24937', 50000.00, 50000.00, 4),
(252, NULL, '2023-04-30 04:59:00', NULL, N'CAR', N'41N-28220', 80000.00, 60000.00, 5),
(20, 16, '2024-06-19 10:11:00', '2024-06-19 10:11:00', N'CAR', N'54H-26870', 150000.00, 128000.00, 4),
(213, NULL, '2023-03-22 13:44:00', '2023-03-22 13:44:00', N'CAR', N'53A-73472', 50000.00, 50000.00, 1),
(135, NULL, '2023-02-03 21:32:00', '2023-02-03 21:32:00', N'BIKE', N'54K-15672', 100000.00, 100000.00, 4),
(169, NULL, '2025-03-12 03:58:00', '2025-03-12 03:58:00', N'BIKE', N'57F-97896', 25000.00, 22000.00, 1),
(197, NULL, '2023-10-12 18:22:00', '2023-10-12 18:22:00', N'BIKE', N'58U-84741', 100000.00, 75000.00, 2),
(166, NULL, '2025-02-20 00:33:00', '2025-02-20 00:33:00', N'CAR', N'41F-80402', 50000.00, 50000.00, 5),
(232, NULL, '2024-05-31 22:30:00', '2024-05-31 22:30:00', N'BIKE', N'56S-98280', 100000.00, 85000.00, 4),
(128, NULL, '2024-01-24 13:13:00', '2024-01-24 13:13:00', N'BIKE', N'54M-26202', 80000.00, 72000.00, 3),
(203, NULL, '2024-01-05 22:18:00', '2024-01-05 22:18:00', N'CAR', N'53M-74711', 100000.00, 80000.00, 4),
(264, NULL, '2023-11-16 21:53:00', '2023-11-16 21:53:00', N'BIKE', N'49L-66093', 200000.00, 160000.00, 5),
(163, 208, '2024-11-26 11:11:00', NULL, N'BIKE', N'54P-67417', 120000.00, 120000.00, 4),
(292, NULL, '2024-02-15 22:37:00', '2024-02-15 22:37:00', N'CAR', N'53N-36094', 25000.00, 20000.00, 4),
(273, NULL, '2023-05-06 07:53:00', '2023-05-06 07:53:00', N'BIKE', N'59X-87810', 300000.00, 240000.00, 4),
(134, NULL, '2023-12-31 15:42:00', '2023-12-31 15:42:00', N'BIKE', N'29U-46554', 150000.00, 150000.00, 4),
(125, NULL, '2023-05-06 08:31:00', '2023-05-06 08:31:00', N'CAR', N'51D-16927', 100000.00, 100000.00, 4),
(54, 63, '2024-01-27 19:43:00', '2024-01-27 19:43:00', N'CAR', N'54C-96649', 120000.00, 96000.00, 4),
(87, NULL, '2024-05-17 16:16:00', '2024-05-17 16:16:00', N'BIKE', N'32A-14141', 50000.00, 50000.00, 5),
(59, NULL, '2024-01-28 14:20:00', '2024-01-28 14:20:00', N'BIKE', N'30B-14306', 150000.00, 128000.00, 4),
(45, NULL, '2024-12-24 05:31:00', '2024-12-24 05:31:00', N'CAR', N'48T-24336', 500000.00, 375000.00, 4),
(96, NULL, '2024-12-02 17:36:00', '2024-12-02 17:36:00', N'BIKE', N'56U-17305', 50000.00, 38000.00, 4),
(298, NULL, '2024-09-23 21:22:00', '2024-09-23 21:22:00', N'CAR', N'43B-13689', 500000.00, 425000.00, 1),
(142, NULL, '2023-12-24 23:37:00', NULL, N'CAR', N'48D-66118', 25000.00, 20000.00, 5),
(112, NULL, '2024-11-08 07:15:00', '2024-11-08 07:15:00', N'CAR', N'33C-18585', 300000.00, 270000.00, 3),
(291, NULL, '2023-01-21 17:20:00', NULL, N'BIKE', N'33U-65203', 300000.00, 240000.00, 1),
(151, NULL, '2024-08-25 00:20:00', '2024-08-25 00:20:00', N'BIKE', N'43X-22809', 80000.00, 72000.00, 3),
(166, NULL, '2023-12-11 15:32:00', '2023-12-11 15:32:00', N'CAR', N'56Y-49258', 25000.00, 22000.00, 5),
(174, NULL, '2025-03-17 02:53:00', '2025-03-17 02:53:00', N'CAR', N'41K-16230', 300000.00, 240000.00, 5),
(25, NULL, '2024-10-01 23:05:00', '2024-10-01 23:05:00', N'BIKE', N'54X-54150', 300000.00, 225000.00, 2),
(176, NULL, '2023-08-03 11:50:00', NULL, N'CAR', N'31L-66742', 120000.00, 96000.00, 4),
(35, NULL, '2024-10-01 16:29:00', '2024-10-01 16:29:00', N'BIKE', N'56A-92292', 120000.00, 90000.00, 5),
(180, NULL, '2024-11-07 23:29:00', '2024-11-07 23:29:00', N'BIKE', N'49X-92150', 50000.00, 42000.00, 4),
(289, NULL, '2023-09-04 04:47:00', '2023-09-04 04:47:00', N'CAR', N'49R-51766', 100000.00, 80000.00, 4),
(242, NULL, '2023-10-01 09:41:00', '2023-10-01 09:41:00', N'BIKE', N'58P-41258', 100000.00, 100000.00, 3),
(132, NULL, '2023-09-09 09:29:00', '2023-09-09 09:29:00', N'BIKE', N'49B-36475', 150000.00, 150000.00, 4),
(72, NULL, '2023-09-22 08:42:00', '2023-09-22 08:42:00', N'CAR', N'29A-17251', 100000.00, 85000.00, 4),
(184, NULL, '2024-02-21 11:42:00', '2024-02-21 11:42:00', N'CAR', N'48E-40938', 100000.00, 75000.00, 4),
(268, NULL, '2024-06-18 21:53:00', '2024-06-18 21:53:00', N'BIKE', N'59T-21829', 200000.00, 170000.00, 4),
(106, NULL, '2023-12-04 18:47:00', '2023-12-04 18:47:00', N'CAR', N'49G-28910', 100000.00, 85000.00, 4),
(218, NULL, '2024-03-26 13:16:00', '2024-03-26 13:16:00', N'CAR', N'29V-59113', 100000.00, 80000.00, 4),
(213, NULL, '2024-05-01 21:15:00', '2024-05-01 21:15:00', N'CAR', N'47T-58200', 300000.00, 225000.00, 1),
(161, NULL, '2023-02-05 23:42:00', '2023-02-05 23:42:00', N'CAR', N'58K-82447', 50000.00, 42000.00, 4),
(78, NULL, '2024-12-02 03:34:00', '2024-12-02 03:34:00', N'BIKE', N'48A-61508', 300000.00, 270000.00, 4),
(286, NULL, '2023-06-14 14:40:00', '2023-06-14 14:40:00', N'BIKE', N'52K-20498', 80000.00, 64000.00, 4),
(156, NULL, '2023-12-07 22:27:00', '2023-12-07 22:27:00', N'CAR', N'56K-76366', 100000.00, 75000.00, 4),
(143, 182, '2024-07-14 23:20:00', '2024-07-14 23:20:00', N'CAR', N'52F-92595', 80000.00, 72000.00, 4),
(107, NULL, '2024-10-05 09:20:00', '2024-10-05 09:20:00', N'CAR', N'56H-77681', 150000.00, 120000.00, 4),
(226, NULL, '2023-11-24 14:30:00', '2023-11-24 14:30:00', N'CAR', N'59F-87728', 25000.00, 22000.00, 4),
(115, NULL, '2023-03-28 13:23:00', '2023-03-28 13:23:00', N'BIKE', N'33H-12717', 50000.00, 38000.00, 5),
(217, NULL, '2024-10-03 07:58:00', NULL, N'BIKE', N'57K-32119', 50000.00, 40000.00, 4),
(166, NULL, '2024-09-06 08:09:00', NULL, N'CAR', N'56X-25381', 50000.00, 40000.00, 4),
(231, NULL, '2024-04-09 21:31:00', '2024-04-09 21:31:00', N'CAR', N'57K-47743', 80000.00, 64000.00, 4),
(48, NULL, '2023-07-31 19:13:00', '2023-07-31 19:13:00', N'CAR', N'57R-33641', 50000.00, 50000.00, 4),
(16, 9, '2023-10-25 08:15:00', '2023-10-25 08:15:00', N'CAR', N'47X-99688', 80000.00, 64000.00, 2),
(65, 77, '2024-12-10 12:43:00', '2024-12-10 12:43:00', N'BIKE', N'49Y-43584', 100000.00, 100000.00, 2),
(221, NULL, '2024-04-27 11:38:00', '2024-04-27 11:38:00', N'BIKE', N'52A-43247', 120000.00, 102000.00, 4),
(41, NULL, '2024-02-09 21:23:00', '2024-02-09 21:23:00', N'BIKE', N'52X-33510', 300000.00, 240000.00, 4),
(176, NULL, '2023-12-14 14:08:00', NULL, N'BIKE', N'49E-44131', 100000.00, 90000.00, 4),
(77, NULL, '2023-10-15 23:23:00', '2023-10-15 23:23:00', N'CAR', N'59Y-44571', 120000.00, 108000.00, 4),
(177, NULL, '2024-05-18 04:35:00', '2024-05-18 04:35:00', N'BIKE', N'52G-29480', 50000.00, 50000.00, 4),
(157, NULL, '2023-06-17 22:29:00', '2023-06-17 22:29:00', N'BIKE', N'52S-56729', 120000.00, 96000.00, 4),
(11, NULL, '2023-04-26 23:55:00', '2023-04-26 23:55:00', N'CAR', N'53G-47239', 150000.00, 112000.00, 4),
(180, NULL, '2024-07-30 21:37:00', '2024-07-30 21:37:00', N'CAR', N'31X-33667', 50000.00, 45000.00, 5),
(67, NULL, '2024-11-24 03:56:00', '2024-11-24 03:56:00', N'CAR', N'54P-58963', 500000.00, 500000.00, 5),
(66, NULL, '2023-06-07 00:05:00', '2023-06-07 00:05:00', N'BIKE', N'30K-87883', 50000.00, 50000.00, 4),
(233, NULL, '2024-04-08 10:46:00', '2024-04-08 10:46:00', N'BIKE', N'55G-16380', 300000.00, 300000.00, 4),
(251, NULL, '2025-01-31 02:35:00', '2025-01-31 02:35:00', N'BIKE', N'53P-43444', 150000.00, 120000.00, 4),
(124, NULL, '2023-04-02 00:54:00', '2023-04-02 00:54:00', N'BIKE', N'48L-94825', 150000.00, 120000.00, 3),
(273, NULL, '2025-03-31 13:47:00', '2025-03-31 13:47:00', N'CAR', N'55N-97231', 100000.00, 75000.00, 4),
(205, NULL, '2023-07-24 15:28:00', '2023-07-24 15:28:00', N'BIKE', N'59X-88687', 50000.00, 40000.00, 2),
(129, NULL, '2024-09-20 05:27:00', '2024-09-20 05:27:00', N'CAR', N'52U-54793', 80000.00, 72000.00, 4),
(290, NULL, '2024-06-23 20:41:00', '2024-06-23 20:41:00', N'CAR', N'30R-20378', 80000.00, 72000.00, 4),
(239, NULL, '2024-12-01 09:53:00', '2024-12-01 09:53:00', N'BIKE', N'41X-16255', 120000.00, 120000.00, 2),
(215, NULL, '2024-06-09 03:32:00', '2024-06-09 03:32:00', N'CAR', N'30X-43211', 25000.00, 25000.00, 4),
(13, NULL, '2025-02-26 16:01:00', '2025-02-26 16:01:00', N'BIKE', N'56F-61505', 50000.00, 42000.00, 2),
(69, NULL, '2023-11-18 18:46:00', '2023-11-18 18:46:00', N'BIKE', N'59M-34535', 200000.00, 150000.00, 4),
(14, NULL, '2023-09-23 21:06:00', '2023-09-23 21:06:00', N'CAR', N'51P-25293', 50000.00, 40000.00, 4),
(144, NULL, '2024-02-19 21:47:00', '2024-02-19 21:47:00', N'BIKE', N'41Y-90837', 25000.00, 20000.00, 4),
(141, NULL, '2023-11-06 02:08:00', '2023-11-06 02:08:00', N'CAR', N'54A-34670', 50000.00, 45000.00, 4),
(176, 225, '2024-03-22 20:54:00', '2024-03-22 20:54:00', N'CAR', N'53L-70742', 150000.00, 150000.00, 4),
(237, NULL, '2025-01-26 22:28:00', '2025-01-26 22:28:00', N'BIKE', N'51S-86706', 200000.00, 150000.00, 4),
(275, NULL, '2024-02-06 01:21:00', NULL, N'BIKE', N'49T-85846', 500000.00, 425000.00, 4),
(77, NULL, '2023-02-07 15:25:00', '2023-02-07 15:25:00', N'BIKE', N'29H-17956', 120000.00, 90000.00, 1),
(84, NULL, '2023-03-07 08:57:00', '2023-03-07 08:57:00', N'BIKE', N'54T-91618', 25000.00, 20000.00, 4),
(110, NULL, '2023-01-22 05:18:00', '2023-01-22 05:18:00', N'BIKE', N'47S-40422', 120000.00, 102000.00, 4),
(285, NULL, '2024-09-08 22:42:00', '2024-09-08 22:42:00', N'CAR', N'48R-98225', 25000.00, 22000.00, 4),
(42, 48, '2024-09-28 06:18:00', '2024-09-28 06:18:00', N'CAR', N'29E-32713', 200000.00, 160000.00, 4),
(62, NULL, '2024-05-20 09:15:00', '2024-05-20 09:15:00', N'CAR', N'51N-44184', 25000.00, 22000.00, 4),
(43, NULL, '2024-05-30 01:51:00', NULL, N'BIKE', N'54Y-39712', 100000.00, 80000.00, 4),
(157, NULL, '2023-12-15 11:49:00', NULL, N'BIKE', N'59E-77552', 500000.00, 500000.00, 4),
(35, NULL, '2024-03-24 14:53:00', '2024-03-24 14:53:00', N'CAR', N'54V-15501', 120000.00, 120000.00, 3),
(148, NULL, '2024-01-06 05:46:00', '2024-01-06 05:46:00', N'BIKE', N'31T-23014', 150000.00, 128000.00, 4),
(35, 39, '2023-05-22 03:54:00', '2023-05-22 03:54:00', N'BIKE', N'51H-72084', 25000.00, 22000.00, 4),
(77, NULL, '2025-01-02 13:23:00', '2025-01-02 13:23:00', N'CAR', N'55U-65275', 200000.00, 160000.00, 3),
(285, NULL, '2024-02-24 14:54:00', '2024-02-24 14:54:00', N'CAR', N'51S-29082', 50000.00, 38000.00, 4),
(262, NULL, '2023-03-13 02:21:00', '2023-03-13 02:21:00', N'CAR', N'49B-61546', 50000.00, 45000.00, 4),
(81, NULL, '2024-08-11 01:40:00', '2024-08-11 01:40:00', N'BIKE', N'41R-62691', 120000.00, 102000.00, 5),
(21, NULL, '2023-12-19 00:52:00', '2023-12-19 00:52:00', N'BIKE', N'55P-68482', 200000.00, 150000.00, 5),
(244, NULL, '2024-10-29 14:44:00', '2024-10-29 14:44:00', N'BIKE', N'57L-21046', 50000.00, 40000.00, 4),
(193, NULL, '2025-01-12 23:47:00', '2025-01-12 23:47:00', N'BIKE', N'32L-38014', 100000.00, 85000.00, 4),
(112, NULL, '2024-06-17 10:48:00', '2024-06-17 10:48:00', N'CAR', N'51V-87660', 300000.00, 255000.00, 4),
(23, NULL, '2025-01-13 13:32:00', '2025-01-13 13:32:00', N'CAR', N'47K-92180', 120000.00, 120000.00, 4),
(83, NULL, '2023-05-08 14:19:00', '2023-05-08 14:19:00', N'CAR', N'30M-40945', 500000.00, 375000.00, 4),
(240, NULL, '2023-08-28 11:19:00', '2023-08-28 11:19:00', N'BIKE', N'55P-78113', 200000.00, 150000.00, 3),
(250, NULL, '2024-08-19 06:52:00', '2024-08-19 06:52:00', N'BIKE', N'54E-65796', 50000.00, 50000.00, 2),
(184, NULL, '2024-03-11 04:30:00', '2024-03-11 04:30:00', N'CAR', N'47U-62789', 500000.00, 400000.00, 4),
(175, NULL, '2024-08-21 15:40:00', '2024-08-21 15:40:00', N'BIKE', N'29R-31344', 150000.00, 120000.00, 4),
(87, NULL, '2024-12-29 14:08:00', '2024-12-29 14:08:00', N'BIKE', N'31D-37871', 80000.00, 72000.00, 4),
(186, NULL, '2024-07-26 11:58:00', '2024-07-26 11:58:00', N'BIKE', N'49D-25842', 25000.00, 25000.00, 4),
(116, NULL, '2023-05-01 11:19:00', '2023-05-01 11:19:00', N'CAR', N'41T-13667', 150000.00, 112000.00, 3),
(204, NULL, '2023-11-09 09:13:00', '2023-11-09 09:13:00', N'BIKE', N'51D-81766', 25000.00, 25000.00, 2),
(178, NULL, '2024-03-03 15:36:00', '2024-03-03 15:36:00', N'BIKE', N'43P-72289', 500000.00, 450000.00, 3),
(269, NULL, '2024-05-31 20:29:00', '2024-05-31 20:29:00', N'BIKE', N'55M-21706', 500000.00, 400000.00, 4),
(83, NULL, '2024-02-01 07:57:00', '2024-02-01 07:57:00', N'BIKE', N'52S-46356', 100000.00, 100000.00, 5),
(227, NULL, '2025-03-26 22:19:00', '2025-03-26 22:19:00', N'CAR', N'32C-35221', 500000.00, 500000.00, 4),
(51, NULL, '2024-08-06 16:12:00', '2024-08-06 16:12:00', N'BIKE', N'51D-96278', 120000.00, 120000.00, 4),
(178, NULL, '2023-10-09 06:15:00', '2023-10-09 06:15:00', N'BIKE', N'30C-79932', 500000.00, 375000.00, 4),
(254, NULL, '2023-02-16 15:55:00', '2023-02-16 15:55:00', N'CAR', N'49F-64386', 50000.00, 42000.00, 5),
(210, NULL, '2024-01-27 08:05:00', '2024-01-27 08:05:00', N'CAR', N'32F-47401', 150000.00, 150000.00, 4),
(145, NULL, '2023-06-07 09:26:00', '2023-06-07 09:26:00', N'CAR', N'43F-13561', 50000.00, 50000.00, 4),
(211, NULL, '2024-02-27 10:16:00', '2024-02-27 10:16:00', N'CAR', N'52G-41407', 500000.00, 400000.00, 4),
(119, 148, '2024-06-04 16:24:00', '2024-06-04 16:24:00', N'CAR', N'52M-70925', 120000.00, 96000.00, 4),
(87, NULL, '2023-01-20 08:35:00', '2023-01-20 08:35:00', N'CAR', N'58V-95400', 150000.00, 120000.00, 4),
(200, NULL, '2024-04-01 02:54:00', '2024-04-01 02:54:00', N'CAR', N'55N-80836', 150000.00, 112000.00, 4),
(26, NULL, '2024-03-09 17:28:00', NULL, N'BIKE', N'41F-10071', 50000.00, 40000.00, 5),
(67, NULL, '2023-10-07 19:16:00', '2023-10-07 19:16:00', N'BIKE', N'47G-86697', 120000.00, 108000.00, 4),
(78, NULL, '2024-07-30 02:19:00', NULL, N'CAR', N'55V-46629', 50000.00, 38000.00, 4),
(250, NULL, '2023-11-22 21:21:00', '2023-11-22 21:21:00', N'BIKE', N'59H-96805', 25000.00, 20000.00, 4),
(173, NULL, '2024-09-05 10:01:00', '2024-09-05 10:01:00', N'CAR', N'51Y-72459', 50000.00, 45000.00, 5),
(260, NULL, '2024-12-14 22:31:00', '2024-12-14 22:31:00', N'BIKE', N'53C-80601', 50000.00, 40000.00, 5),
(82, NULL, '2024-11-19 03:22:00', '2024-11-19 03:22:00', N'BIKE', N'47P-33224', 50000.00, 42000.00, 3),
(55, NULL, '2024-03-31 00:14:00', '2024-03-31 00:14:00', N'CAR', N'47G-21792', 500000.00, 450000.00, 4),
(17, NULL, '2023-08-28 15:23:00', NULL, N'BIKE', N'57A-35701', 50000.00, 42000.00, 3),
(216, NULL, '2024-08-05 16:31:00', '2024-08-05 16:31:00', N'CAR', N'33Y-84074', 150000.00, 135000.00, 2),
(260, NULL, '2025-02-02 02:08:00', '2025-02-02 02:08:00', N'BIKE', N'58U-45956', 200000.00, 200000.00, 4),
(287, NULL, '2024-12-10 21:34:00', '2024-12-10 21:34:00', N'BIKE', N'30A-65982', 50000.00, 42000.00, 5),
(89, NULL, '2024-03-18 13:17:00', '2024-03-18 13:17:00', N'BIKE', N'30T-57378', 120000.00, 108000.00, 4),
(271, NULL, '2023-02-18 08:58:00', '2023-02-18 08:58:00', N'BIKE', N'43A-61361', 200000.00, 150000.00, 4),
(49, NULL, '2023-01-26 23:14:00', '2023-01-26 23:14:00', N'BIKE', N'53H-35805', 150000.00, 150000.00, 4),
(239, NULL, '2024-10-03 20:06:00', NULL, N'BIKE', N'51X-92090', 25000.00, 22000.00, 4),
(201, NULL, '2023-04-21 15:15:00', '2023-04-21 15:15:00', N'CAR', N'43U-41030', 100000.00, 75000.00, 4),
(61, NULL, '2023-04-08 20:28:00', '2023-04-08 20:28:00', N'CAR', N'52B-59465', 25000.00, 25000.00, 5),
(201, NULL, '2025-03-12 04:03:00', '2025-03-12 04:03:00', N'BIKE', N'52L-90050', 50000.00, 50000.00, 2),
(196, NULL, '2023-10-29 12:25:00', NULL, N'BIKE', N'58Y-96471', 500000.00, 400000.00, 1),
(176, NULL, '2024-04-20 13:56:00', '2024-04-20 13:56:00', N'CAR', N'43A-69516', 120000.00, 108000.00, 4),
(47, NULL, '2023-04-21 03:00:00', '2023-04-21 03:00:00', N'CAR', N'33G-85132', 150000.00, 128000.00, 4),
(292, NULL, '2024-05-07 23:39:00', '2024-05-07 23:39:00', N'CAR', N'55B-17928', 150000.00, 120000.00, 4),
(65, NULL, '2024-06-09 20:48:00', '2024-06-09 20:48:00', N'BIKE', N'32E-29321', 80000.00, 68000.00, 4),
(229, NULL, '2023-01-09 16:37:00', '2023-01-09 16:37:00', N'CAR', N'52H-76467', 120000.00, 96000.00, 5),
(131, NULL, '2023-12-19 06:12:00', '2023-12-19 06:12:00', N'CAR', N'53M-34819', 80000.00, 64000.00, 4),
(100, NULL, '2024-09-06 22:21:00', '2024-09-06 22:21:00', N'BIKE', N'43Y-49273', 50000.00, 50000.00, 4),
(99, NULL, '2025-03-19 01:31:00', '2025-03-19 01:31:00', N'CAR', N'58H-71149', 500000.00, 400000.00, 4),
(262, NULL, '2023-12-06 23:24:00', '2023-12-06 23:24:00', N'CAR', N'51N-11296', 100000.00, 75000.00, 4),
(56, NULL, '2023-04-28 04:18:00', '2023-04-28 04:18:00', N'BIKE', N'47B-13890', 200000.00, 180000.00, 4),
(144, NULL, '2023-08-13 08:46:00', '2023-08-13 08:46:00', N'BIKE', N'58F-35688', 50000.00, 42000.00, 4),
(46, NULL, '2023-04-14 00:53:00', '2023-04-14 00:53:00', N'BIKE', N'54M-37556', 300000.00, 255000.00, 4),
(210, NULL, '2024-01-17 21:10:00', '2024-01-17 21:10:00', N'BIKE', N'49C-25531', 150000.00, 135000.00, 5),
(249, NULL, '2025-03-24 06:12:00', '2025-03-24 06:12:00', N'CAR', N'43Y-66300', 200000.00, 150000.00, 5),
(234, NULL, '2024-08-24 06:54:00', '2024-08-24 06:54:00', N'CAR', N'43H-16980', 300000.00, 225000.00, 5),
(57, NULL, '2024-08-21 15:13:00', '2024-08-21 15:13:00', N'BIKE', N'53F-76665', 50000.00, 38000.00, 4),
(125, NULL, '2024-06-15 14:11:00', '2024-06-15 14:11:00', N'CAR', N'31T-74853', 80000.00, 64000.00, 4),
(255, NULL, '2025-03-20 18:41:00', NULL, N'CAR', N'57S-40721', 50000.00, 40000.00, 4),
(298, NULL, '2024-01-22 18:10:00', '2024-01-22 18:10:00', N'CAR', N'59V-21109', 150000.00, 128000.00, 4),
(155, NULL, '2024-03-31 16:22:00', '2024-03-31 16:22:00', N'CAR', N'30U-91412', 25000.00, 20000.00, 4),
(19, NULL, '2024-01-12 15:20:00', '2024-01-12 15:20:00', N'CAR', N'56S-40643', 300000.00, 255000.00, 4),
(67, NULL, '2023-10-29 16:32:00', '2023-10-29 16:32:00', N'CAR', N'59H-22898', 100000.00, 100000.00, 2),
(192, NULL, '2023-12-08 06:43:00', '2023-12-08 06:43:00', N'CAR', N'59G-89171', 150000.00, 112000.00, 5),
(37, NULL, '2023-01-09 09:18:00', '2023-01-09 09:18:00', N'BIKE', N'48X-95892', 50000.00, 38000.00, 4),
(149, NULL, '2023-06-02 12:14:00', '2023-06-02 12:14:00', N'CAR', N'29H-77610', 500000.00, 400000.00, 4),
(79, NULL, '2025-01-09 14:21:00', '2025-01-09 14:21:00', N'CAR', N'57R-64747', 200000.00, 150000.00, 4),
(157, NULL, '2023-01-31 11:08:00', '2023-01-31 11:08:00', N'CAR', N'41A-75509', 25000.00, 20000.00, 4),
(120, NULL, '2024-03-11 21:48:00', '2024-03-11 21:48:00', N'BIKE', N'41M-86933', 50000.00, 50000.00, 4),
(136, NULL, '2023-05-23 04:21:00', '2023-05-23 04:21:00', N'BIKE', N'33P-59980', 200000.00, 200000.00, 5),
(39, NULL, '2023-07-12 15:06:00', '2023-07-12 15:06:00', N'BIKE', N'41C-32468', 100000.00, 90000.00, 4),
(136, NULL, '2023-02-02 22:38:00', '2023-02-02 22:38:00', N'CAR', N'57C-60579', 300000.00, 255000.00, 4),
(109, NULL, '2023-03-13 14:03:00', '2023-03-13 14:03:00', N'CAR', N'56M-63852', 50000.00, 50000.00, 4),
(132, NULL, '2023-05-13 17:26:00', '2023-05-13 17:26:00', N'CAR', N'48G-27030', 200000.00, 160000.00, 4),
(110, NULL, '2023-06-12 19:36:00', '2023-06-12 19:36:00', N'BIKE', N'57U-99762', 80000.00, 80000.00, 4),
(235, NULL, '2023-05-27 14:04:00', '2023-05-27 14:04:00', N'BIKE', N'58U-53108', 500000.00, 400000.00, 5),
(235, NULL, '2024-04-18 18:02:00', '2024-04-18 18:02:00', N'CAR', N'30N-48987', 50000.00, 45000.00, 4),
(31, NULL, '2024-03-01 07:11:00', '2024-03-01 07:11:00', N'BIKE', N'30P-96386', 150000.00, 150000.00, 4),
(169, NULL, '2024-02-07 22:02:00', '2024-02-07 22:02:00', N'CAR', N'59V-48258', 100000.00, 90000.00, 4),
(185, NULL, '2024-02-26 17:07:00', '2024-02-26 17:07:00', N'CAR', N'54U-52731', 50000.00, 42000.00, 4),
(60, 70, '2023-08-01 16:02:00', '2023-08-01 16:02:00', N'CAR', N'30P-55043', 50000.00, 40000.00, 5),
(57, NULL, '2023-04-28 22:58:00', '2023-04-28 22:58:00', N'BIKE', N'29S-18943', 100000.00, 90000.00, 4),
(165, NULL, '2024-03-24 04:30:00', '2024-03-24 04:30:00', N'CAR', N'56A-89559', 100000.00, 100000.00, 4),
(197, NULL, '2024-07-01 23:25:00', '2024-07-01 23:25:00', N'CAR', N'59E-67757', 25000.00, 25000.00, 4),
(44, NULL, '2024-11-22 17:13:00', '2024-11-22 17:13:00', N'CAR', N'31D-61199', 300000.00, 225000.00, 4),
(227, NULL, '2023-01-05 01:49:00', '2023-01-05 01:49:00', N'CAR', N'58N-41265', 200000.00, 160000.00, 2),
(148, NULL, '2023-01-29 00:21:00', '2023-01-29 00:21:00', N'CAR', N'58D-97046', 150000.00, 150000.00, 4),
(226, NULL, '2024-03-01 16:06:00', '2024-03-01 16:06:00', N'CAR', N'32G-91877', 200000.00, 160000.00, 5),
(92, NULL, '2024-03-14 03:14:00', '2024-03-14 03:14:00', N'CAR', N'43F-11965', 50000.00, 50000.00, 4),
(94, NULL, '2024-02-03 06:29:00', '2024-02-03 06:29:00', N'CAR', N'47B-18825', 200000.00, 150000.00, 4),
(77, NULL, '2023-04-15 22:34:00', '2023-04-15 22:34:00', N'BIKE', N'56K-22418', 500000.00, 400000.00, 4),
(68, NULL, '2025-02-28 22:08:00', '2025-02-28 22:08:00', N'CAR', N'29C-53922', 50000.00, 38000.00, 4),
(182, NULL, '2024-06-07 20:47:00', '2024-06-07 20:47:00', N'BIKE', N'51H-12780', 500000.00, 500000.00, 4),
(278, NULL, '2023-11-13 07:47:00', '2023-11-13 07:47:00', N'CAR', N'53B-28029', 25000.00, 22000.00, 4),
(204, NULL, '2023-06-05 12:13:00', '2023-06-05 12:13:00', N'CAR', N'30M-27598', 300000.00, 300000.00, 4),
(20, NULL, '2024-06-17 13:41:00', '2024-06-17 13:41:00', N'CAR', N'58M-54922', 200000.00, 200000.00, 4),
(69, NULL, '2024-11-11 07:51:00', '2024-11-11 07:51:00', N'CAR', N'48U-52157', 150000.00, 150000.00, 4),
(177, NULL, '2023-03-08 15:04:00', '2023-03-08 15:04:00', N'CAR', N'55G-26457', 100000.00, 75000.00, 4),
(154, NULL, '2023-07-29 07:32:00', NULL, N'BIKE', N'41F-35891', 200000.00, 150000.00, 4),
(16, NULL, '2023-09-12 09:18:00', '2023-09-12 09:18:00', N'CAR', N'59T-20487', 25000.00, 22000.00, 4),
(32, NULL, '2024-04-27 14:27:00', '2024-04-27 14:27:00', N'BIKE', N'55T-12596', 50000.00, 50000.00, 4),
(246, NULL, '2023-11-04 19:34:00', '2023-11-04 19:34:00', N'CAR', N'59P-70771', 300000.00, 240000.00, 4),
(127, NULL, '2024-07-29 19:30:00', NULL, N'CAR', N'29G-30280', 200000.00, 150000.00, 1),
(71, NULL, '2025-01-17 23:23:00', '2025-01-17 23:23:00', N'BIKE', N'48N-60336', 80000.00, 60000.00, 4),
(179, NULL, '2023-03-14 13:56:00', NULL, N'CAR', N'48X-31281', 200000.00, 170000.00, 4),
(174, 223, '2025-02-08 23:22:00', '2025-02-08 23:22:00', N'BIKE', N'47B-95315', 50000.00, 45000.00, 5),
(59, NULL, '2024-01-06 20:45:00', '2024-01-06 20:45:00', N'CAR', N'59Y-69699', 150000.00, 112000.00, 4),
(109, NULL, '2024-08-15 21:53:00', '2024-08-15 21:53:00', N'CAR', N'53P-62122', 500000.00, 500000.00, 5),
(132, NULL, '2024-06-14 06:56:00', '2024-06-14 06:56:00', N'BIKE', N'59L-75620', 120000.00, 96000.00, 4),
(199, NULL, '2024-08-23 09:46:00', '2024-08-23 09:46:00', N'CAR', N'54X-55140', 150000.00, 135000.00, 4),
(181, NULL, '2024-02-12 22:19:00', NULL, N'CAR', N'29A-22697', 100000.00, 80000.00, 4),
(226, NULL, '2024-11-01 09:46:00', '2024-11-01 09:46:00', N'CAR', N'47F-27607', 200000.00, 150000.00, 4),
(23, NULL, '2023-04-23 14:36:00', '2023-04-23 14:36:00', N'CAR', N'57B-33950', 200000.00, 160000.00, 4),
(20, NULL, '2024-10-01 03:55:00', '2024-10-01 03:55:00', N'CAR', N'41C-59509', 100000.00, 85000.00, 4),
(103, NULL, '2023-01-31 18:15:00', '2023-01-31 18:15:00', N'CAR', N'51B-44875', 50000.00, 50000.00, 4),
(72, NULL, '2023-04-10 06:33:00', '2023-04-10 06:33:00', N'BIKE', N'31K-73691', 80000.00, 60000.00, 4),
(174, NULL, '2024-01-15 21:56:00', '2024-01-15 21:56:00', N'CAR', N'58N-97173', 50000.00, 50000.00, 4),
(140, NULL, '2023-12-05 03:00:00', '2023-12-05 03:00:00', N'BIKE', N'55A-88893', 100000.00, 85000.00, 5),
(33, 36, '2024-12-17 07:23:00', '2024-12-17 07:23:00', N'BIKE', N'31R-96537', 200000.00, 170000.00, 1),
(157, NULL, '2023-02-16 23:20:00', '2023-02-16 23:20:00', N'CAR', N'29P-90293', 100000.00, 80000.00, 4),
(153, NULL, '2024-11-05 22:57:00', '2024-11-05 22:57:00', N'BIKE', N'41Y-35569', 150000.00, 112000.00, 5),
(187, NULL, '2025-01-03 16:02:00', '2025-01-03 16:02:00', N'CAR', N'41V-71184', 150000.00, 150000.00, 5),
(38, NULL, '2024-07-07 07:15:00', '2024-07-07 07:15:00', N'CAR', N'54R-13830', 150000.00, 128000.00, 5),
(119, NULL, '2025-02-23 08:14:00', '2025-02-23 08:14:00', N'BIKE', N'54E-80063', 80000.00, 68000.00, 2),
(110, NULL, '2024-08-12 19:04:00', '2024-08-12 19:04:00', N'BIKE', N'48V-67273', 200000.00, 200000.00, 4),
(106, NULL, '2023-10-25 02:07:00', NULL, N'BIKE', N'57D-85083', 25000.00, 21000.00, 3),
(18, NULL, '2024-01-25 18:47:00', NULL, N'CAR', N'33V-34885', 50000.00, 42000.00, 5),
(19, NULL, '2025-03-27 21:59:00', '2025-03-27 21:59:00', N'BIKE', N'33H-23970', 50000.00, 40000.00, 1),
(161, NULL, '2023-10-31 07:31:00', '2023-10-31 07:31:00', N'CAR', N'41E-97208', 50000.00, 42000.00, 4),
(182, NULL, '2024-12-06 03:17:00', '2024-12-06 03:17:00', N'BIKE', N'29G-74883', 300000.00, 240000.00, 4),
(257, NULL, '2023-03-02 10:09:00', '2023-03-02 10:09:00', N'CAR', N'58B-33464', 80000.00, 68000.00, 4),
(171, NULL, '2024-11-06 05:01:00', '2024-11-06 05:01:00', N'CAR', N'49T-55653', 50000.00, 38000.00, 4),
(284, NULL, '2025-01-14 09:18:00', '2025-01-14 09:18:00', N'CAR', N'32P-22755', 150000.00, 112000.00, 4),
(86, 105, '2023-02-25 22:19:00', '2023-02-25 22:19:00', N'CAR', N'33E-67918', 80000.00, 72000.00, 4),
(99, NULL, '2025-01-22 20:00:00', '2025-01-22 20:00:00', N'BIKE', N'54E-59355', 50000.00, 45000.00, 4),
(110, NULL, '2023-04-09 11:30:00', '2023-04-09 11:30:00', N'CAR', N'54U-95209', 25000.00, 22000.00, 4),
(215, NULL, '2024-10-04 23:25:00', '2024-10-04 23:25:00', N'CAR', N'58P-74045', 300000.00, 270000.00, 4),
(186, 238, '2024-10-30 23:24:00', '2024-10-30 23:24:00', N'CAR', N'30P-46073', 80000.00, 80000.00, 4),
(112, NULL, '2024-05-15 20:42:00', '2024-05-15 20:42:00', N'CAR', N'51X-85101', 500000.00, 500000.00, 4),
(49, NULL, '2025-03-24 18:11:00', '2025-03-24 18:11:00', N'BIKE', N'41X-26414', 100000.00, 75000.00, 4),
(75, NULL, '2023-07-09 12:52:00', '2023-07-09 12:52:00', N'BIKE', N'32V-79479', 80000.00, 60000.00, 2),
(220, NULL, '2024-07-05 22:52:00', '2024-07-05 22:52:00', N'CAR', N'57D-33680', 500000.00, 500000.00, 4);
GO

-- ============================================================
-- INSERT BOOKING_DETAIL
-- ============================================================
INSERT INTO BOOKING_DETAIL (BookingID, ServiceID, MachineID, PriceAtBooking) VALUES
(1, 3, NULL, 50000.00),
(2, 7, 6, 50000.00),
(3, 1, 1, 50000.00),
(4, 8, 6, 200000.00),
(5, 6, 5, 500000.00),
(5, 9, 7, 500000.00),
(5, 7, 8, 80000.00),
(6, 8, 7, 500000.00),
(7, 10, 1, 25000.00),
(8, 2, 2, 120000.00),
(9, 7, 6, 150000.00),
(9, 6, 7, 80000.00),
(10, 9, 7, 120000.00),
(10, 6, 8, 80000.00),
(11, 1, 3, 200000.00),
(12, 2, 1, 120000.00),
(12, 5, 10, 100000.00),
(12, 10, 10, 150000.00),
(13, 7, 8, 80000.00),
(14, 4, 4, 25000.00),
(15, 7, 5, 500000.00),
(15, 6, 5, 500000.00),
(15, 9, 8, 50000.00),
(16, 1, 3, 150000.00),
(17, 2, NULL, 120000.00),
(17, 10, NULL, 25000.00),
(18, 7, 8, 50000.00),
(19, 6, 7, 300000.00),
(19, 9, 5, 500000.00),
(20, 8, 7, 50000.00),
(21, 2, 4, 80000.00),
(21, 3, 3, 500000.00),
(22, 4, 4, 80000.00),
(23, 10, 9, 80000.00),
(24, 2, 9, 120000.00),
(24, 4, 1, 150000.00),
(25, 2, NULL, 200000.00),
(25, 5, NULL, 300000.00),
(26, 3, NULL, 300000.00),
(27, 8, 8, 500000.00),
(28, 7, 7, 200000.00),
(28, 9, 7, 50000.00),
(28, 6, 5, 50000.00),
(29, 6, 5, 50000.00),
(29, 9, 7, 500000.00),
(30, 6, 8, 300000.00),
(30, 7, 5, 200000.00),
(30, 9, 5, 100000.00),
(31, 10, 10, 500000.00),
(31, 1, 10, 150000.00),
(31, 4, 2, 500000.00),
(32, 6, 8, 80000.00),
(32, 8, 6, 80000.00),
(33, 2, 9, 150000.00),
(34, 9, 6, 150000.00),
(34, 7, 5, 150000.00),
(34, 8, 6, 500000.00),
(35, 6, 7, 300000.00),
(35, 7, 7, 120000.00),
(36, 10, 10, 200000.00),
(37, 3, 10, 500000.00),
(38, 6, 8, 25000.00),
(38, 7, 7, 25000.00),
(39, 3, NULL, 150000.00),
(39, 10, NULL, 50000.00),
(40, 10, 2, 200000.00),
(41, 6, 8, 300000.00),
(42, 7, 8, 50000.00),
(43, 6, 6, 300000.00),
(43, 9, 8, 150000.00),
(43, 7, 7, 150000.00),
(44, 7, 7, 50000.00),
(45, 9, 7, 200000.00),
(45, 6, 5, 150000.00),
(45, 8, 6, 50000.00),
(46, 6, 6, 200000.00),
(47, 3, 1, 80000.00),
(48, 4, NULL, 50000.00),
(48, 3, NULL, 200000.00),
(49, 9, NULL, 80000.00),
(50, 4, 9, 200000.00),
(51, 6, 5, 80000.00),
(52, 5, 1, 100000.00),
(53, 3, 4, 25000.00),
(54, 3, 3, 300000.00),
(55, 4, 2, 80000.00),
(56, 7, 7, 50000.00),
(56, 6, 7, 100000.00),
(57, 9, 8, 50000.00),
(57, 6, 6, 100000.00),
(58, 5, 1, 80000.00),
(58, 2, 4, 25000.00),
(58, 10, 3, 100000.00),
(59, 4, 1, 25000.00),
(59, 1, 4, 200000.00),
(59, 2, 9, 120000.00),
(60, 7, 7, 200000.00),
(60, 6, 8, 25000.00),
(61, 6, 7, 50000.00),
(62, 3, 3, 200000.00),
(63, 1, 2, 25000.00),
(64, 8, 6, 120000.00),
(65, 5, 1, 200000.00),
(66, 4, NULL, 150000.00),
(67, 6, 5, 25000.00),
(68, 2, 3, 150000.00),
(68, 3, 10, 500000.00),
(69, 2, NULL, 100000.00),
(69, 3, NULL, 200000.00),
(70, 6, 6, 50000.00),
(71, 10, 2, 100000.00),
(72, 1, 9, 150000.00),
(72, 10, 3, 300000.00),
(73, 2, 1, 80000.00),
(73, 5, 2, 200000.00),
(73, 10, 9, 120000.00),
(74, 5, 3, 300000.00),
(74, 3, 10, 50000.00),
(75, 1, 9, 500000.00),
(75, 4, 1, 80000.00),
(75, 5, 9, 120000.00),
(76, 2, 1, 25000.00),
(76, 3, 10, 100000.00),
(77, 9, NULL, 500000.00),
(77, 7, NULL, 500000.00),
(78, 7, 8, 200000.00),
(78, 9, 7, 100000.00),
(78, 8, 6, 25000.00),
(79, 2, 9, 25000.00),
(80, 9, 7, 120000.00),
(80, 8, 6, 120000.00),
(81, 5, 2, 100000.00),
(81, 1, 1, 500000.00),
(82, 6, 6, 120000.00),
(83, 8, 6, 500000.00),
(83, 6, 5, 25000.00),
(83, 9, 7, 150000.00),
(84, 8, 6, 200000.00),
(85, 8, NULL, 25000.00),
(85, 7, NULL, 25000.00),
(86, 7, 7, 80000.00),
(86, 8, 7, 25000.00),
(87, 5, 1, 200000.00),
(88, 8, 8, 100000.00),
(88, 9, 7, 120000.00),
(88, 6, 6, 200000.00),
(89, 2, 10, 200000.00),
(90, 4, 1, 300000.00),
(91, 7, 6, 100000.00),
(92, 10, 2, 120000.00),
(93, 7, 6, 200000.00),
(94, 2, 2, 50000.00),
(94, 1, 4, 100000.00),
(95, 9, 5, 500000.00),
(96, 1, NULL, 50000.00),
(97, 6, 5, 25000.00),
(98, 6, 6, 50000.00),
(98, 9, 7, 80000.00),
(99, 6, 7, 50000.00),
(99, 9, 6, 80000.00),
(99, 8, 8, 300000.00),
(100, 3, 4, 80000.00),
(100, 10, 2, 25000.00),
(101, 8, 5, 25000.00),
(102, 1, 3, 50000.00),
(102, 5, 9, 200000.00),
(103, 2, 1, 100000.00),
(104, 2, 3, 120000.00),
(105, 9, 5, 300000.00),
(106, 6, 6, 50000.00),
(107, 8, NULL, 150000.00),
(107, 7, NULL, 50000.00),
(107, 6, NULL, 150000.00),
(108, 1, NULL, 80000.00),
(108, 10, NULL, 200000.00),
(108, 2, NULL, 500000.00),
(109, 2, 10, 200000.00),
(110, 10, NULL, 120000.00),
(111, 8, 5, 120000.00),
(111, 7, 8, 150000.00),
(112, 10, 2, 80000.00),
(112, 1, 3, 80000.00),
(112, 5, 4, 300000.00),
(113, 4, 1, 200000.00),
(113, 1, 10, 120000.00),
(114, 3, 2, 80000.00),
(115, 8, NULL, 300000.00),
(115, 7, NULL, 200000.00),
(116, 9, NULL, 150000.00),
(117, 7, 8, 200000.00),
(118, 9, NULL, 500000.00),
(119, 2, NULL, 200000.00),
(120, 9, 6, 50000.00),
(121, 6, 6, 25000.00),
(122, 9, 6, 50000.00),
(123, 3, 3, 80000.00),
(124, 2, 9, 200000.00),
(125, 7, 5, 80000.00),
(126, 10, 10, 80000.00),
(127, 6, 8, 150000.00),
(128, 6, 5, 300000.00),
(129, 2, 2, 150000.00),
(129, 1, 2, 50000.00),
(130, 1, 9, 200000.00),
(131, 7, NULL, 300000.00),
(132, 10, 10, 120000.00),
(132, 5, 4, 200000.00),
(133, 4, 3, 50000.00),
(133, 1, 2, 25000.00),
(134, 1, 2, 500000.00),
(134, 5, 2, 25000.00),
(135, 9, 8, 500000.00),
(136, 8, 7, 100000.00),
(136, 9, 8, 80000.00),
(137, 6, 8, 80000.00),
(138, 9, 5, 100000.00),
(138, 8, 8, 80000.00),
(139, 6, 8, 300000.00),
(139, 8, 7, 200000.00),
(140, 2, 3, 200000.00),
(140, 1, 2, 120000.00),
(141, 6, 7, 150000.00),
(142, 3, 2, 500000.00),
(143, 7, 5, 120000.00),
(144, 2, 10, 25000.00),
(145, 1, NULL, 25000.00),
(146, 4, 1, 25000.00),
(147, 3, 1, 150000.00),
(148, 4, 2, 150000.00),
(148, 5, 4, 150000.00),
(149, 10, 4, 500000.00),
(149, 1, 1, 500000.00),
(149, 3, 2, 25000.00),
(150, 4, 4, 25000.00),
(151, 7, 8, 50000.00),
(152, 1, 2, 80000.00),
(152, 2, 10, 80000.00),
(153, 5, 4, 80000.00),
(153, 10, 3, 120000.00),
(153, 3, 3, 200000.00),
(154, 10, 10, 200000.00),
(155, 5, 9, 50000.00),
(156, 5, 1, 80000.00),
(156, 4, 3, 500000.00),
(156, 1, 1, 300000.00),
(157, 8, 6, 120000.00),
(158, 8, 7, 150000.00),
(159, 7, 8, 120000.00),
(160, 8, 5, 300000.00),
(160, 7, 5, 150000.00),
(160, 6, 7, 200000.00),
(161, 5, 10, 80000.00),
(162, 5, 9, 150000.00),
(163, 10, 4, 500000.00),
(164, 10, 1, 25000.00),
(165, 2, 1, 80000.00),
(165, 5, 1, 120000.00),
(166, 5, 4, 50000.00),
(167, 9, 5, 150000.00),
(168, 10, 9, 300000.00),
(169, 7, 5, 200000.00),
(170, 2, 3, 50000.00),
(170, 4, 3, 150000.00),
(171, 4, NULL, 50000.00),
(171, 2, NULL, 120000.00),
(171, 10, NULL, 300000.00),
(172, 7, 8, 80000.00),
(173, 8, 5, 200000.00),
(173, 9, 5, 150000.00),
(174, 4, 1, 100000.00),
(174, 2, 1, 200000.00),
(175, 10, NULL, 80000.00),
(176, 1, 3, 200000.00),
(177, 10, 4, 200000.00),
(178, 10, 3, 80000.00),
(179, 1, NULL, 150000.00),
(179, 4, NULL, 120000.00),
(180, 8, 8, 300000.00),
(181, 10, NULL, 80000.00),
(182, 9, 5, 500000.00),
(182, 7, 6, 50000.00),
(182, 8, 6, 150000.00),
(183, 8, 6, 300000.00),
(183, 6, 6, 300000.00),
(184, 1, NULL, 120000.00),
(184, 4, NULL, 500000.00),
(185, 9, 8, 50000.00),
(185, 6, 5, 100000.00),
(186, 2, 10, 500000.00),
(186, 4, 2, 200000.00),
(187, 2, 2, 25000.00),
(188, 3, 1, 120000.00),
(189, 5, 10, 300000.00),
(189, 1, 10, 300000.00),
(190, 3, NULL, 150000.00),
(191, 4, 3, 50000.00),
(191, 5, 2, 300000.00),
(192, 7, 6, 500000.00),
(193, 8, 8, 120000.00),
(194, 1, 1, 50000.00),
(194, 10, 10, 25000.00),
(195, 9, 8, 500000.00),
(195, 6, 5, 300000.00),
(196, 1, 10, 120000.00),
(197, 2, 4, 500000.00),
(197, 10, 4, 50000.00),
(198, 9, NULL, 50000.00),
(199, 4, 4, 200000.00),
(200, 3, 2, 500000.00),
(201, 8, 7, 200000.00),
(202, 6, NULL, 25000.00),
(202, 7, NULL, 25000.00),
(203, 8, 7, 150000.00),
(204, 5, 4, 100000.00),
(205, 4, 2, 200000.00),
(206, 9, 8, 80000.00),
(206, 6, 8, 150000.00),
(207, 4, NULL, 100000.00),
(208, 2, 9, 50000.00),
(209, 9, NULL, 120000.00),
(209, 8, NULL, 500000.00),
(210, 8, 6, 50000.00),
(211, 9, 5, 80000.00),
(212, 6, NULL, 200000.00),
(213, 10, 2, 300000.00),
(214, 8, 6, 100000.00),
(214, 6, 7, 100000.00),
(215, 7, 8, 120000.00),
(216, 3, 2, 25000.00),
(216, 1, 10, 50000.00),
(217, 5, NULL, 50000.00),
(218, 8, 7, 80000.00),
(219, 4, 3, 100000.00),
(220, 4, 1, 200000.00),
(221, 6, 6, 200000.00),
(222, 3, 10, 300000.00),
(223, 7, 5, 80000.00),
(223, 9, 5, 50000.00),
(224, 8, 6, 500000.00),
(224, 7, 7, 50000.00),
(224, 6, 6, 25000.00),
(225, 7, NULL, 100000.00),
(226, 1, 1, 150000.00),
(226, 2, 2, 100000.00),
(227, 7, NULL, 120000.00),
(228, 2, 1, 150000.00),
(229, 8, 8, 200000.00),
(229, 7, 8, 100000.00),
(230, 2, 10, 120000.00),
(231, 1, NULL, 80000.00),
(231, 5, NULL, 100000.00),
(231, 3, NULL, 300000.00),
(232, 4, 4, 120000.00),
(233, 5, 9, 200000.00),
(233, 1, 4, 100000.00),
(234, 3, NULL, 50000.00),
(235, 1, NULL, 500000.00),
(236, 4, 3, 500000.00),
(237, 1, 1, 80000.00),
(238, 9, 7, 100000.00),
(238, 6, 5, 100000.00),
(239, 8, NULL, 150000.00),
(239, 6, NULL, 50000.00),
(240, 6, 7, 100000.00),
(241, 3, 2, 500000.00),
(242, 8, 6, 500000.00),
(243, 5, 3, 50000.00),
(244, 9, 8, 150000.00),
(245, 7, 5, 300000.00),
(245, 6, 8, 25000.00),
(246, 4, 4, 80000.00),
(246, 1, 9, 150000.00),
(246, 5, 9, 200000.00),
(247, 6, 7, 25000.00),
(248, 6, NULL, 120000.00),
(248, 7, NULL, 80000.00),
(249, 9, NULL, 500000.00),
(249, 6, NULL, 500000.00),
(250, 10, 1, 50000.00),
(251, 9, 7, 120000.00),
(252, 3, 4, 50000.00),
(253, 8, 8, 25000.00),
(254, 10, 4, 300000.00),
(255, 6, 5, 25000.00),
(255, 7, 6, 25000.00),
(256, 2, NULL, 150000.00),
(256, 1, NULL, 200000.00),
(257, 1, 2, 150000.00),
(258, 5, NULL, 25000.00),
(258, 1, NULL, 120000.00),
(259, 6, 5, 120000.00),
(259, 9, 5, 120000.00),
(260, 9, NULL, 120000.00),
(261, 7, 8, 50000.00),
(261, 8, 6, 150000.00),
(262, 5, NULL, 300000.00),
(262, 4, NULL, 50000.00),
(263, 7, 8, 300000.00),
(264, 8, 6, 50000.00),
(264, 9, 7, 120000.00),
(264, 7, 5, 150000.00),
(265, 2, 10, 100000.00),
(266, 6, NULL, 25000.00),
(266, 7, NULL, 100000.00),
(267, 7, 8, 200000.00),
(268, 1, 3, 100000.00),
(269, 8, 8, 80000.00),
(269, 7, 5, 80000.00),
(270, 8, 8, 300000.00),
(271, 5, 4, 100000.00),
(271, 2, 1, 120000.00),
(272, 10, 3, 50000.00),
(273, 6, NULL, 50000.00),
(274, 9, 6, 120000.00),
(275, 10, 9, 300000.00),
(276, 6, 5, 150000.00),
(277, 2, NULL, 200000.00),
(278, 5, NULL, 150000.00),
(279, 3, 3, 50000.00),
(280, 9, NULL, 200000.00),
(281, 7, 8, 80000.00),
(282, 5, NULL, 300000.00),
(283, 1, NULL, 25000.00),
(284, 6, 5, 25000.00),
(284, 9, 5, 120000.00),
(285, 5, 1, 120000.00),
(286, 9, NULL, 200000.00),
(287, 7, 7, 300000.00),
(288, 2, 3, 120000.00),
(289, 8, 5, 50000.00),
(289, 9, 6, 500000.00),
(290, 9, 6, 80000.00),
(290, 8, 7, 50000.00),
(290, 7, 6, 80000.00),
(291, 4, 2, 25000.00),
(292, 4, 1, 80000.00),
(292, 3, 3, 50000.00),
(293, 6, 7, 300000.00),
(294, 4, 2, 300000.00),
(295, 1, 9, 120000.00),
(296, 5, NULL, 80000.00),
(296, 10, NULL, 80000.00),
(297, 1, 10, 150000.00),
(297, 3, 4, 300000.00),
(298, 8, 8, 120000.00),
(298, 9, 7, 300000.00),
(299, 8, 7, 150000.00),
(300, 10, 4, 50000.00),
(300, 5, 3, 500000.00),
(301, 1, 4, 100000.00),
(301, 2, 10, 80000.00),
(302, 1, 2, 200000.00),
(303, 10, 1, 100000.00),
(304, 9, NULL, 120000.00),
(304, 8, NULL, 500000.00),
(304, 6, NULL, 300000.00),
(305, 7, 7, 200000.00),
(305, 9, 8, 120000.00),
(305, 8, 7, 100000.00),
(306, 5, 10, 150000.00),
(307, 1, 4, 150000.00),
(307, 4, 3, 50000.00),
(308, 4, 10, 80000.00),
(308, 2, 9, 120000.00),
(308, 10, 9, 500000.00),
(309, 3, 3, 50000.00),
(309, 4, 3, 25000.00),
(310, 7, 7, 50000.00),
(311, 8, 5, 200000.00),
(312, 6, 5, 120000.00),
(313, 8, 6, 50000.00),
(314, 2, 4, 50000.00),
(314, 10, 3, 100000.00),
(315, 8, 6, 200000.00),
(316, 6, 7, 120000.00),
(317, 2, 9, 200000.00),
(318, 3, NULL, 80000.00),
(318, 5, NULL, 100000.00),
(319, 4, NULL, 500000.00),
(320, 8, 5, 120000.00),
(321, 9, 6, 200000.00),
(322, 9, 6, 500000.00),
(322, 6, 8, 150000.00),
(323, 8, 8, 150000.00),
(324, 4, 4, 300000.00),
(325, 6, 8, 50000.00),
(326, 5, 2, 500000.00),
(326, 3, 3, 80000.00),
(327, 5, 1, 200000.00),
(327, 3, 2, 200000.00),
(328, 9, 8, 25000.00),
(328, 8, 5, 25000.00),
(329, 10, 1, 150000.00),
(330, 8, 8, 150000.00),
(331, 6, 5, 100000.00),
(331, 8, 6, 500000.00),
(332, 4, 2, 80000.00),
(332, 2, 3, 120000.00),
(333, 6, 6, 50000.00),
(333, 7, 5, 25000.00),
(334, 1, 9, 50000.00),
(335, 1, 4, 25000.00),
(336, 9, 5, 50000.00),
(336, 7, 7, 200000.00),
(337, 7, 6, 500000.00),
(338, 9, NULL, 50000.00),
(339, 6, 6, 80000.00),
(340, 7, 6, 300000.00),
(340, 6, 8, 120000.00),
(341, 1, 9, 300000.00),
(342, 3, 4, 200000.00),
(343, 1, 4, 200000.00),
(343, 4, 2, 25000.00),
(344, 6, 8, 25000.00),
(345, 6, 8, 25000.00),
(346, 3, 10, 300000.00),
(346, 2, 3, 25000.00),
(346, 4, 2, 150000.00),
(347, 7, 7, 500000.00),
(348, 6, 6, 80000.00),
(349, 10, 9, 150000.00),
(350, 2, 3, 120000.00),
(351, 1, 4, 80000.00),
(351, 4, 9, 500000.00),
(351, 5, 10, 500000.00),
(352, 8, NULL, 150000.00),
(353, 9, NULL, 50000.00),
(354, 7, 6, 50000.00),
(355, 9, 8, 150000.00),
(355, 8, 6, 100000.00),
(356, 2, 10, 200000.00),
(357, 4, 1, 120000.00),
(357, 1, 1, 25000.00),
(358, 1, 3, 25000.00),
(358, 4, 2, 150000.00),
(359, 9, 8, 80000.00),
(360, 7, 8, 300000.00),
(360, 6, 7, 100000.00),
(360, 9, 6, 80000.00),
(361, 5, 2, 50000.00),
(362, 6, 6, 25000.00),
(363, 6, 8, 500000.00),
(363, 7, 5, 150000.00),
(364, 9, 6, 100000.00),
(365, 4, 9, 150000.00),
(366, 7, 5, 300000.00),
(367, 9, 5, 50000.00),
(368, 8, 5, 50000.00),
(369, 6, NULL, 500000.00),
(370, 2, 3, 120000.00),
(371, 8, 5, 80000.00),
(372, 6, 7, 200000.00),
(372, 8, 5, 500000.00),
(372, 9, 5, 300000.00),
(373, 3, NULL, 150000.00),
(373, 1, NULL, 200000.00),
(373, 5, NULL, 120000.00),
(374, 1, 2, 100000.00),
(375, 10, 3, 25000.00),
(376, 1, 9, 25000.00),
(377, 1, 4, 50000.00),
(378, 4, 3, 25000.00),
(378, 2, 1, 25000.00),
(379, 2, 10, 150000.00),
(380, 8, NULL, 100000.00),
(381, 6, 5, 100000.00),
(382, 4, 10, 25000.00),
(383, 6, 8, 200000.00),
(384, 4, NULL, 500000.00),
(384, 10, NULL, 80000.00),
(385, 6, NULL, 150000.00),
(386, 8, 8, 25000.00),
(387, 1, 9, 25000.00),
(388, 6, 5, 100000.00),
(389, 1, 2, 300000.00),
(389, 10, 2, 120000.00),
(390, 8, 6, 120000.00),
(391, 9, NULL, 300000.00),
(392, 6, 7, 500000.00),
(392, 9, 6, 300000.00),
(393, 8, 8, 120000.00),
(393, 6, 7, 500000.00),
(394, 7, 7, 150000.00),
(395, 6, 7, 200000.00),
(395, 9, 8, 120000.00),
(396, 2, 9, 100000.00),
(397, 5, NULL, 100000.00),
(398, 7, 5, 100000.00),
(399, 9, NULL, 25000.00),
(399, 6, NULL, 300000.00),
(400, 3, 9, 200000.00),
(400, 10, 3, 50000.00),
(401, 5, 4, 300000.00),
(402, 4, 4, 300000.00),
(403, 7, 8, 80000.00),
(404, 5, NULL, 120000.00),
(404, 1, NULL, 25000.00),
(405, 3, 1, 150000.00),
(406, 8, 5, 150000.00),
(406, 9, 8, 200000.00),
(406, 6, 5, 50000.00),
(407, 10, 10, 120000.00),
(408, 5, 4, 500000.00),
(408, 4, 3, 80000.00),
(409, 9, 6, 25000.00),
(409, 8, 7, 120000.00),
(409, 6, 5, 100000.00),
(410, 8, 8, 25000.00),
(410, 7, 7, 150000.00),
(411, 8, 5, 50000.00),
(412, 8, NULL, 120000.00),
(413, 4, NULL, 25000.00),
(413, 10, NULL, 300000.00),
(414, 1, NULL, 150000.00),
(415, 7, 8, 25000.00),
(416, 1, 3, 500000.00),
(417, 1, 4, 80000.00),
(418, 3, 3, 300000.00),
(419, 10, 2, 80000.00),
(420, 10, 2, 50000.00),
(420, 1, 10, 25000.00),
(421, 5, 4, 150000.00),
(422, 10, NULL, 100000.00),
(423, 8, 7, 25000.00),
(424, 3, 10, 25000.00),
(424, 5, 9, 100000.00),
(425, 1, 9, 300000.00),
(426, 1, 2, 100000.00),
(427, 8, 8, 50000.00),
(428, 8, NULL, 25000.00),
(428, 6, NULL, 150000.00),
(429, 8, 8, 150000.00),
(429, 7, 8, 120000.00),
(430, 2, 1, 120000.00),
(430, 3, 2, 25000.00),
(431, 2, 3, 500000.00),
(432, 10, 9, 150000.00),
(432, 5, 2, 200000.00),
(433, 6, 6, 200000.00),
(433, 8, 5, 50000.00),
(434, 7, NULL, 500000.00),
(434, 8, NULL, 50000.00),
(434, 9, NULL, 500000.00),
(435, 5, 10, 500000.00),
(435, 4, 9, 300000.00),
(436, 7, 7, 100000.00),
(437, 3, 2, 300000.00),
(438, 1, 10, 100000.00),
(439, 4, NULL, 150000.00),
(440, 6, 7, 300000.00),
(441, 4, 2, 80000.00),
(441, 10, 9, 100000.00),
(442, 4, 10, 80000.00),
(442, 5, 9, 120000.00),
(443, 3, 1, 50000.00),
(443, 10, 4, 200000.00),
(444, 2, 9, 300000.00),
(445, 2, 4, 25000.00),
(445, 10, 2, 50000.00),
(446, 5, NULL, 300000.00),
(447, 2, 4, 25000.00),
(447, 1, 10, 80000.00),
(448, 2, 4, 150000.00),
(448, 5, 2, 200000.00),
(448, 4, 10, 500000.00),
(449, 8, 5, 150000.00),
(450, 3, 9, 50000.00),
(450, 5, 10, 25000.00),
(451, 8, 8, 200000.00),
(452, 10, 3, 300000.00),
(452, 4, 10, 80000.00),
(453, 10, 9, 50000.00),
(453, 5, 2, 25000.00),
(454, 3, 10, 300000.00),
(455, 4, 2, 500000.00),
(456, 3, 2, 120000.00),
(456, 1, 4, 150000.00),
(457, 9, 7, 150000.00),
(458, 2, 2, 25000.00),
(459, 7, 7, 150000.00),
(459, 9, 5, 150000.00),
(460, 1, 3, 120000.00),
(461, 2, NULL, 80000.00),
(462, 8, 5, 100000.00),
(463, 2, 2, 500000.00),
(463, 1, 9, 80000.00),
(464, 6, NULL, 500000.00),
(465, 2, 1, 300000.00),
(466, 1, NULL, 100000.00),
(466, 3, NULL, 120000.00),
(467, 9, 6, 300000.00),
(467, 8, 7, 50000.00),
(467, 7, 5, 300000.00),
(468, 4, 1, 80000.00),
(468, 3, 3, 50000.00),
(469, 1, 3, 80000.00),
(469, 2, 9, 150000.00),
(469, 10, 3, 300000.00),
(470, 5, 10, 150000.00),
(470, 1, 1, 200000.00),
(471, 10, 9, 150000.00),
(472, 5, 10, 25000.00),
(473, 10, 2, 200000.00),
(473, 1, 2, 100000.00),
(473, 2, 3, 300000.00),
(474, 7, 8, 120000.00),
(475, 10, 1, 500000.00),
(476, 7, NULL, 200000.00),
(476, 6, NULL, 50000.00),
(477, 7, NULL, 80000.00),
(478, 10, 3, 200000.00),
(479, 7, NULL, 150000.00),
(479, 8, NULL, 300000.00),
(480, 2, NULL, 120000.00),
(481, 3, NULL, 300000.00),
(481, 4, NULL, 200000.00),
(482, 9, 7, 50000.00),
(483, 8, 8, 300000.00),
(484, 9, 5, 80000.00),
(485, 3, NULL, 50000.00),
(486, 9, NULL, 80000.00),
(487, 4, 9, 200000.00),
(487, 10, 10, 100000.00),
(488, 8, 6, 200000.00),
(489, 3, 3, 150000.00),
(490, 4, 4, 200000.00),
(491, 1, 3, 300000.00),
(492, 3, 3, 300000.00),
(492, 1, 4, 100000.00),
(493, 7, 6, 50000.00),
(494, 5, 2, 500000.00),
(494, 10, 1, 25000.00),
(494, 3, 4, 50000.00),
(495, 3, 9, 50000.00),
(495, 10, 10, 25000.00),
(496, 3, 9, 100000.00),
(497, 5, 3, 80000.00),
(497, 4, 3, 150000.00),
(497, 2, 4, 100000.00),
(498, 7, 5, 25000.00),
(499, 6, 8, 300000.00),
(499, 8, 5, 80000.00),
(500, 1, 2, 100000.00);
GO

-- ============================================================
-- INSERT PAYMENT
-- ============================================================
INSERT INTO PAYMENT (BookingID, PaymentMethod, Amount, PaidAt) VALUES
(1, N'MOMO', 0.00, '2023-04-09 05:49:00'),
(2, N'BANK', 300000.00, '2023-07-30 17:53:00'),
(3, N'MOMO', 100000.00, '2023-07-02 08:35:00'),
(4, N'BANK', 200000.00, '2024-02-03 21:07:00'),
(5, N'BANK', 75000.00, '2023-04-19 09:50:00'),
(6, N'CASH', 300000.00, '2024-04-30 05:34:00'),
(7, N'CASH', 100000.00, '2023-01-12 17:55:00'),
(11, N'CASH', 300000.00, '2023-11-22 15:28:00'),
(12, N'CASH', 200000.00, '2024-03-14 05:00:00'),
(14, N'BANK', 300000.00, '2023-05-24 17:12:00'),
(15, N'MOMO', 50000.00, '2024-02-19 18:13:00'),
(16, N'CASH', 500000.00, '2023-08-17 18:46:00'),
(18, N'CASH', 500000.00, '2024-05-10 11:02:00'),
(20, N'CASH', 300000.00, '2024-10-10 08:53:00'),
(21, N'CASH', 300000.00, '2023-03-21 16:16:00'),
(22, N'MOMO', 500000.00, '2023-01-07 16:56:00'),
(23, N'CASH', 150000.00, '2023-06-11 11:38:00'),
(24, N'CASH', 500000.00, '2024-08-27 05:41:00'),
(27, N'BANK', 75000.00, '2023-08-13 13:38:00'),
(28, N'MOMO', 50000.00, '2024-09-02 18:04:00'),
(30, N'CASH', 150000.00, '2024-09-09 17:52:00'),
(32, N'MOMO', 500000.00, '2023-03-27 09:38:00'),
(33, N'MOMO', 200000.00, '2024-01-20 20:13:00'),
(34, N'CASH', 75000.00, '2023-09-17 08:54:00'),
(35, N'CASH', 100000.00, '2024-07-19 17:30:00'),
(36, N'CASH', 500000.00, '2024-11-06 03:47:00'),
(37, N'MOMO', 75000.00, '2024-09-20 22:43:00'),
(38, N'CASH', 500000.00, '2023-03-07 08:14:00'),
(40, N'BANK', 150000.00, '2023-02-04 19:32:00'),
(41, N'CASH', 500000.00, '2025-03-09 12:22:00'),
(42, N'CASH', 200000.00, '2023-04-03 17:18:00'),
(43, N'MOMO', 100000.00, '2024-02-18 18:00:00'),
(44, N'CASH', 300000.00, '2023-04-30 16:16:00'),
(46, N'BANK', 200000.00, '2024-11-24 22:14:00'),
(47, N'MOMO', 500000.00, '2023-09-12 09:05:00'),
(50, N'MOMO', 250000.00, '2024-09-20 00:48:00'),
(52, N'MOMO', 500000.00, '2025-03-29 13:30:00'),
(54, N'MOMO', 75000.00, '2023-09-23 05:35:00'),
(55, N'BANK', 300000.00, '2023-08-04 13:44:00'),
(56, N'MOMO', 300000.00, '2023-04-13 23:17:00'),
(57, N'CASH', 50000.00, '2023-01-10 05:26:00'),
(58, N'CASH', 75000.00, '2024-12-08 05:03:00'),
(59, N'CASH', 500000.00, '2023-09-21 11:01:00'),
(60, N'BANK', 75000.00, '2023-12-30 10:43:00'),
(61, N'CASH', 300000.00, '2023-06-21 20:51:00'),
(62, N'MOMO', 500000.00, '2023-11-18 10:41:00'),
(63, N'CASH', 300000.00, '2024-02-28 05:11:00'),
(64, N'CASH', 200000.00, '2023-04-08 02:59:00'),
(65, N'CASH', 200000.00, '2023-03-28 20:59:00'),
(67, N'BANK', 200000.00, '2024-03-31 04:44:00'),
(68, N'MOMO', 250000.00, '2023-12-22 15:34:00'),
(70, N'MOMO', 100000.00, '2025-02-12 15:19:00'),
(72, N'CASH', 150000.00, '2024-06-13 19:51:00'),
(73, N'BANK', 250000.00, '2023-04-24 20:29:00'),
(74, N'MOMO', 200000.00, '2023-01-23 05:06:00'),
(75, N'MOMO', 150000.00, '2023-11-16 15:23:00'),
(76, N'BANK', 100000.00, '2023-03-15 17:30:00'),
(78, N'MOMO', 500000.00, '2024-10-06 23:02:00'),
(79, N'CASH', 300000.00, '2024-01-05 01:55:00'),
(80, N'CASH', 500000.00, '2024-02-10 07:00:00'),
(81, N'CASH', 50000.00, '2024-12-03 19:21:00'),
(82, N'CASH', 150000.00, '2023-05-09 15:14:00'),
(83, N'CASH', 75000.00, '2023-09-14 01:31:00'),
(84, N'MOMO', 250000.00, '2025-01-19 14:17:00'),
(86, N'MOMO', 100000.00, '2024-11-05 17:52:00'),
(88, N'CASH', 150000.00, '2024-11-04 15:33:00'),
(89, N'CASH', 50000.00, '2024-11-02 15:59:00'),
(91, N'BANK', 200000.00, '2023-04-10 03:46:00'),
(92, N'CASH', 300000.00, '2024-07-25 23:35:00'),
(93, N'MOMO', 200000.00, '2023-04-17 05:50:00'),
(94, N'CASH', 300000.00, '2023-12-27 10:35:00'),
(95, N'BANK', 150000.00, '2024-09-15 07:36:00'),
(97, N'CASH', 150000.00, '2025-03-01 22:52:00'),
(99, N'CASH', 200000.00, '2023-08-11 23:04:00'),
(100, N'MOMO', 100000.00, '2023-02-08 23:51:00'),
(101, N'BANK', 300000.00, '2025-02-27 07:47:00'),
(102, N'CASH', 200000.00, '2023-06-03 10:32:00'),
(103, N'BANK', 500000.00, '2023-08-16 13:18:00'),
(104, N'CASH', 50000.00, '2023-09-26 02:25:00'),
(105, N'BANK', 150000.00, '2023-07-20 17:39:00'),
(106, N'CASH', 100000.00, '2024-12-02 18:05:00'),
(109, N'MOMO', 50000.00, '2023-11-09 14:30:00'),
(112, N'CASH', 50000.00, '2024-11-09 21:23:00'),
(113, N'CASH', 500000.00, '2023-11-20 15:55:00'),
(114, N'MOMO', 500000.00, '2023-02-10 07:59:00'),
(117, N'CASH', 300000.00, '2024-10-02 21:14:00'),
(120, N'MOMO', 200000.00, '2025-01-14 00:48:00'),
(121, N'BANK', 250000.00, '2023-01-27 19:39:00'),
(122, N'MOMO', 150000.00, '2023-03-23 22:49:00'),
(123, N'BANK', 200000.00, '2023-02-03 13:48:00'),
(124, N'MOMO', 300000.00, '2023-07-01 14:55:00'),
(125, N'MOMO', 500000.00, '2025-01-22 12:46:00'),
(126, N'MOMO', 200000.00, '2024-04-07 14:52:00'),
(127, N'MOMO', 300000.00, '2025-02-22 20:03:00'),
(128, N'MOMO', 100000.00, '2023-02-25 22:33:00'),
(129, N'CASH', 250000.00, '2024-12-13 17:08:00'),
(130, N'BANK', 250000.00, '2024-04-10 02:16:00'),
(132, N'MOMO', 150000.00, '2024-08-02 21:55:00'),
(133, N'MOMO', 150000.00, '2023-07-05 03:57:00'),
(134, N'CASH', 100000.00, '2023-01-06 19:56:00'),
(137, N'BANK', 50000.00, '2024-09-17 21:44:00'),
(138, N'CASH', 250000.00, '2023-04-06 09:20:00'),
(139, N'MOMO', 50000.00, '2023-05-05 22:55:00'),
(140, N'MOMO', 250000.00, '2024-08-08 23:40:00'),
(141, N'CASH', 250000.00, '2024-08-11 19:22:00'),
(142, N'BANK', 50000.00, '2024-09-16 07:45:00'),
(143, N'MOMO', 50000.00, '2025-01-25 06:51:00'),
(144, N'MOMO', 500000.00, '2024-12-07 09:16:00'),
(146, N'BANK', 200000.00, '2024-04-30 01:41:00'),
(147, N'CASH', 50000.00, '2023-02-27 16:19:00'),
(148, N'BANK', 50000.00, '2025-03-29 11:04:00'),
(150, N'BANK', 500000.00, '2024-01-16 14:53:00'),
(151, N'BANK', 500000.00, '2025-03-07 06:58:00'),
(152, N'MOMO', 500000.00, '2024-06-20 09:49:00'),
(153, N'MOMO', 75000.00, '2023-02-15 21:54:00'),
(154, N'CASH', 50000.00, '2023-01-24 18:48:00'),
(155, N'MOMO', 100000.00, '2024-11-18 03:17:00'),
(156, N'MOMO', 100000.00, '2024-07-16 10:17:00'),
(158, N'BANK', 100000.00, '2023-07-03 22:38:00'),
(159, N'CASH', 75000.00, '2023-03-22 14:36:00'),
(160, N'CASH', 50000.00, '2023-05-28 19:16:00'),
(161, N'CASH', 200000.00, '2023-12-26 15:29:00'),
(162, N'BANK', 150000.00, '2025-03-26 03:20:00'),
(163, N'MOMO', 50000.00, '2024-07-15 05:30:00'),
(164, N'CASH', 250000.00, '2024-07-11 22:15:00'),
(165, N'BANK', 100000.00, '2024-03-31 05:19:00'),
(166, N'BANK', 250000.00, '2024-08-17 20:51:00'),
(167, N'MOMO', 300000.00, '2023-07-30 21:56:00'),
(168, N'MOMO', 50000.00, '2024-02-18 04:54:00'),
(169, N'CASH', 100000.00, '2023-04-23 09:55:00'),
(170, N'MOMO', 75000.00, '2024-07-12 06:42:00'),
(172, N'CASH', 150000.00, '2023-03-28 04:41:00'),
(173, N'MOMO', 300000.00, '2024-01-29 11:14:00'),
(174, N'CASH', 50000.00, '2024-07-13 18:23:00'),
(176, N'MOMO', 75000.00, '2024-12-01 20:34:00'),
(177, N'CASH', 75000.00, '2024-08-10 23:21:00'),
(178, N'MOMO', 500000.00, '2024-10-06 15:37:00'),
(180, N'BANK', 100000.00, '2025-01-29 03:38:00'),
(183, N'CASH', 50000.00, '2025-02-12 03:03:00'),
(185, N'BANK', 150000.00, '2023-04-10 17:40:00'),
(186, N'MOMO', 500000.00, '2024-11-01 18:25:00'),
(189, N'CASH', 150000.00, '2024-11-03 06:38:00'),
(191, N'MOMO', 150000.00, '2025-02-26 13:44:00'),
(192, N'MOMO', 100000.00, '2023-03-03 08:52:00'),
(194, N'CASH', 300000.00, '2025-03-06 14:01:00'),
(195, N'MOMO', 100000.00, '2024-02-05 18:00:00'),
(196, N'CASH', 250000.00, '2024-01-29 22:52:00'),
(197, N'MOMO', 150000.00, '2024-01-10 17:54:00'),
(200, N'CASH', 200000.00, '2024-05-26 17:53:00'),
(201, N'CASH', 500000.00, '2024-02-20 03:13:00'),
(203, N'CASH', 500000.00, '2025-03-23 03:29:00'),
(204, N'CASH', 250000.00, '2023-08-14 02:51:00'),
(208, N'MOMO', 500000.00, '2025-03-22 15:44:00'),
(210, N'BANK', 100000.00, '2023-07-16 03:33:00'),
(212, N'BANK', 0.00, '2023-10-19 06:27:00'),
(213, N'CASH', 150000.00, '2024-05-11 16:07:00'),
(214, N'BANK', 300000.00, '2023-11-30 07:06:00'),
(218, N'BANK', 200000.00, '2024-07-20 07:05:00'),
(219, N'CASH', 200000.00, '2023-01-15 23:27:00'),
(220, N'CASH', 150000.00, '2024-08-10 00:26:00'),
(221, N'CASH', 500000.00, '2025-03-28 22:52:00'),
(222, N'CASH', 75000.00, '2023-08-12 04:22:00'),
(223, N'MOMO', 100000.00, '2025-02-04 18:01:00'),
(224, N'MOMO', 500000.00, '2023-03-14 12:57:00'),
(228, N'CASH', 50000.00, '2024-11-27 13:17:00'),
(229, N'CASH', 75000.00, '2024-04-26 22:34:00'),
(230, N'MOMO', 50000.00, '2023-07-12 14:05:00'),
(232, N'MOMO', 250000.00, '2024-03-30 23:41:00'),
(233, N'MOMO', 75000.00, '2024-08-15 10:41:00'),
(236, N'CASH', 100000.00, '2023-02-12 10:36:00'),
(237, N'BANK', 500000.00, '2023-06-01 11:28:00'),
(238, N'BANK', 500000.00, '2024-04-14 10:09:00'),
(240, N'MOMO', 300000.00, '2024-11-25 17:07:00'),
(241, N'MOMO', 150000.00, '2024-08-20 16:14:00'),
(242, N'CASH', 250000.00, '2024-06-08 12:12:00'),
(243, N'MOMO', 500000.00, '2024-01-17 00:18:00'),
(245, N'MOMO', 200000.00, '2024-06-21 10:04:00'),
(246, N'CASH', 150000.00, '2024-07-23 14:45:00'),
(247, N'BANK', 75000.00, '2023-11-06 18:19:00'),
(250, N'BANK', 300000.00, '2025-01-20 18:01:00'),
(251, N'MOMO', 100000.00, '2024-01-01 05:03:00'),
(252, N'MOMO', 200000.00, '2024-06-10 06:49:00'),
(253, N'BANK', 150000.00, '2024-12-15 22:23:00'),
(254, N'BANK', 100000.00, '2025-03-08 15:26:00'),
(255, N'CASH', 250000.00, '2025-03-25 17:39:00'),
(257, N'CASH', 75000.00, '2024-06-19 10:11:00'),
(259, N'CASH', 100000.00, '2023-02-03 21:32:00'),
(263, N'MOMO', 100000.00, '2024-05-31 22:30:00'),
(265, N'MOMO', 100000.00, '2024-01-05 22:18:00'),
(267, N'CASH', 200000.00, '2024-11-26 11:11:00'),
(268, N'CASH', 150000.00, '2024-02-15 22:37:00'),
(269, N'BANK', 300000.00, '2023-05-06 07:53:00'),
(270, N'CASH', 150000.00, '2023-12-31 15:42:00'),
(271, N'CASH', 250000.00, '2023-05-06 08:31:00'),
(272, N'CASH', 100000.00, '2024-01-27 19:43:00'),
(274, N'MOMO', 300000.00, '2024-01-28 14:20:00'),
(275, N'MOMO', 500000.00, '2024-12-24 05:31:00'),
(276, N'MOMO', 500000.00, '2024-12-02 17:36:00'),
(285, N'CASH', 100000.00, '2023-08-03 11:50:00'),
(287, N'CASH', 200000.00, '2024-11-07 23:29:00'),
(288, N'BANK', 300000.00, '2023-09-04 04:47:00'),
(290, N'MOMO', 75000.00, '2023-09-09 09:29:00'),
(291, N'CASH', 50000.00, '2023-09-22 08:42:00'),
(292, N'CASH', 100000.00, '2024-02-21 11:42:00'),
(293, N'BANK', 250000.00, '2024-06-18 21:53:00'),
(294, N'CASH', 50000.00, '2023-12-04 18:47:00'),
(295, N'MOMO', 300000.00, '2024-03-26 13:16:00'),
(297, N'BANK', 150000.00, '2023-02-05 23:42:00'),
(298, N'CASH', 150000.00, '2024-12-02 03:34:00'),
(299, N'CASH', 200000.00, '2023-06-14 14:40:00'),
(300, N'MOMO', 250000.00, '2023-12-07 22:27:00'),
(301, N'CASH', 100000.00, '2024-07-14 23:20:00'),
(302, N'MOMO', 200000.00, '2024-10-05 09:20:00'),
(303, N'CASH', 500000.00, '2023-11-24 14:30:00'),
(304, N'BANK', 0.00, '2023-03-28 13:23:00'),
(305, N'MOMO', 100000.00, '2024-10-03 07:58:00'),
(306, N'CASH', 75000.00, '2024-09-06 08:09:00'),
(307, N'MOMO', 75000.00, '2024-04-09 21:31:00'),
(308, N'CASH', 75000.00, '2023-07-31 19:13:00'),
(311, N'MOMO', 300000.00, '2024-04-27 11:38:00'),
(312, N'BANK', 50000.00, '2024-02-09 21:23:00'),
(313, N'CASH', 100000.00, '2023-12-14 14:08:00'),
(314, N'MOMO', 300000.00, '2023-10-15 23:23:00'),
(315, N'MOMO', 50000.00, '2024-05-18 04:35:00'),
(316, N'MOMO', 300000.00, '2023-06-17 22:29:00'),
(317, N'MOMO', 50000.00, '2023-04-26 23:55:00'),
(320, N'MOMO', 500000.00, '2023-06-07 00:05:00'),
(321, N'MOMO', 500000.00, '2024-04-08 10:46:00'),
(322, N'MOMO', 250000.00, '2025-01-31 02:35:00'),
(324, N'CASH', 100000.00, '2025-03-31 13:47:00'),
(326, N'BANK', 300000.00, '2024-09-20 05:27:00'),
(327, N'BANK', 75000.00, '2024-06-23 20:41:00'),
(329, N'CASH', 250000.00, '2024-06-09 03:32:00'),
(331, N'BANK', 200000.00, '2023-11-18 18:46:00'),
(332, N'CASH', 500000.00, '2023-09-23 21:06:00'),
(333, N'MOMO', 500000.00, '2024-02-19 21:47:00'),
(334, N'CASH', 75000.00, '2023-11-06 02:08:00'),
(335, N'BANK', 500000.00, '2024-03-22 20:54:00'),
(336, N'CASH', 250000.00, '2025-01-26 22:28:00'),
(337, N'CASH', 250000.00, '2024-02-06 01:21:00'),
(339, N'MOMO', 50000.00, '2023-03-07 08:57:00'),
(340, N'MOMO', 100000.00, '2023-01-22 05:18:00'),
(341, N'CASH', 300000.00, '2024-09-08 22:42:00'),
(342, N'CASH', 250000.00, '2024-09-28 06:18:00'),
(343, N'CASH', 50000.00, '2024-05-20 09:15:00'),
(344, N'MOMO', 250000.00, '2024-05-30 01:51:00'),
(345, N'MOMO', 300000.00, '2023-12-15 11:49:00'),
(347, N'CASH', 75000.00, '2024-01-06 05:46:00'),
(348, N'MOMO', 100000.00, '2023-05-22 03:54:00'),
(350, N'MOMO', 500000.00, '2024-02-24 14:54:00'),
(351, N'MOMO', 200000.00, '2023-03-13 02:21:00'),
(354, N'MOMO', 500000.00, '2024-10-29 14:44:00'),
(355, N'CASH', 250000.00, '2025-01-12 23:47:00'),
(356, N'CASH', 100000.00, '2024-06-17 10:48:00'),
(357, N'MOMO', 75000.00, '2025-01-13 13:32:00'),
(358, N'CASH', 75000.00, '2023-05-08 14:19:00'),
(361, N'CASH', 200000.00, '2024-03-11 04:30:00'),
(362, N'MOMO', 50000.00, '2024-08-21 15:40:00'),
(363, N'CASH', 200000.00, '2024-12-29 14:08:00'),
(364, N'MOMO', 75000.00, '2024-07-26 11:58:00'),
(368, N'BANK', 300000.00, '2024-05-31 20:29:00'),
(370, N'BANK', 200000.00, '2025-03-26 22:19:00'),
(371, N'BANK', 150000.00, '2024-08-06 16:12:00'),
(372, N'MOMO', 50000.00, '2023-10-09 06:15:00'),
(374, N'MOMO', 300000.00, '2024-01-27 08:05:00'),
(375, N'CASH', 100000.00, '2023-06-07 09:26:00'),
(376, N'CASH', 50000.00, '2024-02-27 10:16:00'),
(377, N'MOMO', 100000.00, '2024-06-04 16:24:00'),
(378, N'MOMO', 200000.00, '2023-01-20 08:35:00'),
(379, N'CASH', 150000.00, '2024-04-01 02:54:00'),
(380, N'MOMO', 0.00, '2024-03-09 17:28:00'),
(381, N'CASH', 200000.00, '2023-10-07 19:16:00'),
(382, N'MOMO', 250000.00, '2024-07-30 02:19:00'),
(383, N'CASH', 150000.00, '2023-11-22 21:21:00'),
(384, N'CASH', 0.00, '2024-09-05 10:01:00'),
(387, N'CASH', 500000.00, '2024-03-31 00:14:00'),
(390, N'MOMO', 250000.00, '2025-02-02 02:08:00'),
(392, N'MOMO', 50000.00, '2024-03-18 13:17:00'),
(393, N'CASH', 250000.00, '2023-02-18 08:58:00'),
(394, N'CASH', 500000.00, '2023-01-26 23:14:00'),
(395, N'CASH', 500000.00, '2024-10-03 20:06:00'),
(396, N'CASH', 100000.00, '2023-04-21 15:15:00'),
(400, N'CASH', 50000.00, '2024-04-20 13:56:00'),
(401, N'MOMO', 75000.00, '2023-04-21 03:00:00'),
(402, N'MOMO', 250000.00, '2024-05-07 23:39:00'),
(403, N'CASH', 250000.00, '2024-06-09 20:48:00'),
(405, N'BANK', 500000.00, '2023-12-19 06:12:00'),
(406, N'MOMO', 50000.00, '2024-09-06 22:21:00'),
(407, N'CASH', 100000.00, '2025-03-19 01:31:00'),
(408, N'MOMO', 300000.00, '2023-12-06 23:24:00'),
(409, N'MOMO', 50000.00, '2023-04-28 04:18:00'),
(410, N'BANK', 200000.00, '2023-08-13 08:46:00'),
(411, N'MOMO', 500000.00, '2023-04-14 00:53:00'),
(415, N'CASH', 75000.00, '2024-08-21 15:13:00'),
(416, N'CASH', 150000.00, '2024-06-15 14:11:00'),
(417, N'CASH', 75000.00, '2025-03-20 18:41:00'),
(418, N'MOMO', 100000.00, '2024-01-22 18:10:00'),
(419, N'BANK', 300000.00, '2024-03-31 16:22:00'),
(420, N'MOMO', 250000.00, '2024-01-12 15:20:00'),
(423, N'MOMO', 200000.00, '2023-01-09 09:18:00'),
(424, N'CASH', 250000.00, '2023-06-02 12:14:00'),
(425, N'MOMO', 250000.00, '2025-01-09 14:21:00'),
(426, N'MOMO', 300000.00, '2023-01-31 11:08:00'),
(427, N'CASH', 300000.00, '2024-03-11 21:48:00'),
(429, N'MOMO', 500000.00, '2023-07-12 15:06:00'),
(430, N'CASH', 100000.00, '2023-02-02 22:38:00'),
(431, N'MOMO', 50000.00, '2023-03-13 14:03:00'),
(432, N'MOMO', 250000.00, '2023-05-13 17:26:00'),
(433, N'BANK', 100000.00, '2023-06-12 19:36:00'),
(435, N'CASH', 300000.00, '2024-04-18 18:02:00'),
(436, N'BANK', 300000.00, '2024-03-01 07:11:00'),
(437, N'CASH', 50000.00, '2024-02-07 22:02:00'),
(438, N'MOMO', 100000.00, '2024-02-26 17:07:00'),
(440, N'MOMO', 75000.00, '2023-04-28 22:58:00'),
(441, N'MOMO', 300000.00, '2024-03-24 04:30:00'),
(442, N'BANK', 250000.00, '2024-07-01 23:25:00'),
(443, N'MOMO', 100000.00, '2024-11-22 17:13:00'),
(445, N'MOMO', 500000.00, '2023-01-29 00:21:00'),
(447, N'BANK', 50000.00, '2024-03-14 03:14:00'),
(448, N'MOMO', 300000.00, '2024-02-03 06:29:00'),
(449, N'MOMO', 150000.00, '2023-04-15 22:34:00'),
(450, N'BANK', 100000.00, '2025-02-28 22:08:00'),
(451, N'MOMO', 150000.00, '2024-06-07 20:47:00'),
(452, N'CASH', 150000.00, '2023-11-13 07:47:00'),
(453, N'CASH', 200000.00, '2023-06-05 12:13:00'),
(454, N'CASH', 50000.00, '2024-06-17 13:41:00'),
(455, N'CASH', 500000.00, '2024-11-11 07:51:00'),
(456, N'MOMO', 500000.00, '2023-03-08 15:04:00'),
(457, N'BANK', 100000.00, '2023-07-29 07:32:00'),
(458, N'BANK', 75000.00, '2023-09-12 09:18:00'),
(459, N'BANK', 250000.00, '2024-04-27 14:27:00'),
(460, N'BANK', 100000.00, '2023-11-04 19:34:00'),
(462, N'CASH', 75000.00, '2025-01-17 23:23:00'),
(463, N'CASH', 50000.00, '2023-03-14 13:56:00'),
(465, N'MOMO', 500000.00, '2024-01-06 20:45:00'),
(467, N'CASH', 300000.00, '2024-06-14 06:56:00'),
(468, N'BANK', 75000.00, '2024-08-23 09:46:00'),
(469, N'MOMO', 50000.00, '2024-02-12 22:19:00'),
(470, N'MOMO', 50000.00, '2024-11-01 09:46:00'),
(471, N'CASH', 300000.00, '2023-04-23 14:36:00'),
(472, N'BANK', 50000.00, '2024-10-01 03:55:00'),
(473, N'CASH', 500000.00, '2023-01-31 18:15:00'),
(474, N'MOMO', 75000.00, '2023-04-10 06:33:00'),
(475, N'CASH', 200000.00, '2024-01-15 21:56:00'),
(478, N'MOMO', 75000.00, '2023-02-16 23:20:00'),
(483, N'CASH', 150000.00, '2024-08-12 19:04:00'),
(487, N'CASH', 75000.00, '2023-10-31 07:31:00'),
(488, N'CASH', 75000.00, '2024-12-06 03:17:00'),
(489, N'MOMO', 500000.00, '2023-03-02 10:09:00'),
(490, N'BANK', 200000.00, '2024-11-06 05:01:00'),
(491, N'CASH', 500000.00, '2025-01-14 09:18:00'),
(492, N'CASH', 500000.00, '2023-02-25 22:19:00'),
(493, N'MOMO', 200000.00, '2025-01-22 20:00:00'),
(494, N'MOMO', 100000.00, '2023-04-09 11:30:00'),
(495, N'CASH', 200000.00, '2024-10-04 23:25:00'),
(496, N'CASH', 250000.00, '2024-10-30 23:24:00'),
(497, N'MOMO', 200000.00, '2024-05-15 20:42:00'),
(498, N'CASH', 100000.00, '2025-03-24 18:11:00'),
(500, N'MOMO', 200000.00, '2024-07-05 22:52:00');
GO

-- ============================================================
-- INSERT FEEDBACK
-- ============================================================
INSERT INTO FEEDBACK (BookingID, Rating, Comment, CreatedDate) VALUES
(2, 5, N'Gia ca hop ly, se quay lai.', '2023-08-02 17:01:00'),
(3, 4, NULL, '2023-07-04 05:49:00'),
(4, 3, N'Gia ca hop ly, se quay lai.', '2024-02-05 22:23:00'),
(5, 5, N'Gia tot, chat luong on.', '2023-04-19 22:31:00'),
(6, 4, N'Co so vat chat hien dai, sach se.', '2024-05-02 02:44:00'),
(11, 5, NULL, '2023-11-23 13:32:00'),
(12, 4, N'Gia ca hop ly, se quay lai.', '2024-03-16 01:49:00'),
(14, 2, N'Nhan vien nhiet tinh, xe duoc rua ky.', '2023-05-26 08:48:00'),
(22, 4, N'Nhan vien nhiet tinh, xe duoc rua ky.', '2023-01-09 19:21:00'),
(23, 4, N'Rat hai long voi dich vu.', '2023-06-14 06:32:00'),
(24, 2, NULL, '2024-08-27 21:17:00'),
(27, 4, N'Phuc vu chuyen nghiep.', '2023-08-14 13:37:00'),
(28, 4, N'Phuc vu chuyen nghiep.', '2024-09-04 00:06:00'),
(32, 4, N'Xe sach nhung phai cho hoi lau.', '2023-03-29 13:35:00'),
(34, 1, N'Xe sach nhung phai cho hoi lau.', '2023-09-20 04:24:00'),
(35, 1, N'Tuyet voi, se gioi thieu cho ban be.', '2024-07-20 01:00:00'),
(36, 2, N'Nhan vien than thien, phuc vu nhanh.', '2024-11-08 23:00:00'),
(37, 4, N'Khong hai long, xe chua sach lam.', '2024-09-22 03:29:00'),
(41, 5, NULL, '2025-03-11 03:00:00'),
(42, 3, N'Xe sach nhung noi that chua duoc ky.', '2023-04-06 03:59:00'),
(43, 4, N'Tuyet voi, se gioi thieu cho ban be.', '2024-02-21 11:19:00'),
(44, 2, NULL, '2023-05-01 08:16:00'),
(46, 5, N'Gia ca hop ly, se quay lai.', '2024-11-25 12:57:00'),
(47, 5, N'Tuyet voi, se gioi thieu cho ban be.', '2023-09-14 15:17:00'),
(54, 4, N'Dich vu binh thuong.', '2023-09-24 10:18:00'),
(55, 3, N'Gia ca hop ly, se quay lai.', '2023-08-05 19:56:00'),
(59, 3, N'Dich vu binh thuong.', '2023-09-23 08:39:00'),
(62, 4, N'Hai long voi ket qua.', '2023-11-19 22:50:00'),
(63, 5, N'Nhan vien nhiet tinh, xe duoc rua ky.', '2024-02-29 15:38:00'),
(64, 5, N'Co so vat chat hien dai, sach se.', '2023-04-08 17:21:00'),
(65, 3, NULL, '2023-03-29 22:51:00'),
(67, 3, N'Rat hai long voi dich vu.', '2024-04-01 16:45:00'),
(68, 5, N'Dich vu binh thuong.', '2023-12-24 23:25:00'),
(70, 5, NULL, '2025-02-12 18:34:00'),
(72, 5, NULL, '2024-06-16 11:53:00'),
(74, 5, N'Khong hai long, xe chua sach lam.', '2023-01-25 18:09:00'),
(75, 4, N'Nhan vien nhiet tinh, xe duoc rua ky.', '2023-11-18 01:30:00'),
(76, 2, N'Con can cai thien them.', '2023-03-18 08:22:00'),
(78, 3, N'Khong hai long, xe chua sach lam.', '2024-10-07 17:07:00'),
(79, 4, N'Con can cai thien them.', '2024-01-07 11:30:00'),
(80, 4, N'Gia ca hop ly, se quay lai.', '2024-02-11 06:45:00'),
(81, 5, NULL, '2024-12-05 20:17:00'),
(82, 4, N'Xe sach nhung noi that chua duoc ky.', '2023-05-11 02:26:00'),
(83, 4, N'Phuc vu chuyen nghiep.', '2023-09-14 06:38:00'),
(84, 5, N'Xe sach nhung noi that chua duoc ky.', '2025-01-20 07:20:00'),
(88, 1, N'Dich vu rat tot, xe sach bong!', '2024-11-07 03:23:00'),
(89, 4, N'Tuyet voi, se gioi thieu cho ban be.', '2024-11-03 16:03:00'),
(91, 2, N'Con can cai thien them.', '2023-04-12 07:22:00'),
(93, 3, N'Con can cai thien them.', '2023-04-19 20:42:00'),
(94, 5, NULL, '2023-12-29 16:16:00'),
(95, 3, N'Nhan vien nhiet tinh, xe duoc rua ky.', '2024-09-17 01:25:00'),
(97, 5, NULL, '2025-03-03 18:10:00'),
(99, 5, N'Xe sach nhung phai cho hoi lau.', '2023-08-13 13:13:00'),
(100, 4, N'Con can cai thien them.', '2023-02-10 18:20:00'),
(101, 3, N'Khong hai long, xe chua sach lam.', '2025-03-01 07:42:00'),
(102, 3, N'Xe sach nhung phai cho hoi lau.', '2023-06-04 16:38:00'),
(103, 1, N'Dich vu binh thuong.', '2023-08-17 16:38:00'),
(106, 3, N'Co so vat chat hien dai, sach se.', '2024-12-04 03:04:00'),
(113, 5, N'Co so vat chat hien dai, sach se.', '2023-11-21 07:50:00'),
(114, 3, N'Xe sach nhung noi that chua duoc ky.', '2023-02-11 21:11:00'),
(117, 5, N'Nhan vien than thien, phuc vu nhanh.', '2024-10-03 03:46:00'),
(121, 2, N'Xe sach nhung phai cho hoi lau.', '2023-01-28 12:26:00'),
(122, 4, N'Xe sach nhung phai cho hoi lau.', '2023-03-24 16:12:00'),
(123, 2, NULL, '2023-02-03 15:12:00'),
(125, 2, N'Rat hai long voi dich vu.', '2025-01-23 03:40:00'),
(126, 4, NULL, '2024-04-08 12:33:00'),
(129, 4, N'Gia tot, chat luong on.', '2024-12-14 19:17:00'),
(132, 1, N'Gia ca hop ly, se quay lai.', '2024-08-03 21:25:00'),
(134, 3, NULL, '2023-01-09 06:19:00'),
(137, 3, N'Gia ca hop ly, se quay lai.', '2024-09-20 03:31:00'),
(139, 5, NULL, '2023-05-06 04:56:00'),
(140, 4, N'Nhan vien nhiet tinh, xe duoc rua ky.', '2024-08-10 20:00:00'),
(141, 1, N'Gia tot, chat luong on.', '2024-08-12 22:09:00'),
(144, 5, N'Phuc vu chuyen nghiep.', '2024-12-09 15:26:00'),
(146, 5, NULL, '2024-04-30 15:45:00'),
(147, 5, N'Co so vat chat hien dai, sach se.', '2023-03-02 07:27:00'),
(151, 5, N'Gia tot, chat luong on.', '2025-03-08 12:18:00'),
(152, 5, NULL, '2024-06-23 08:55:00'),
(153, 3, N'Dich vu binh thuong.', '2023-02-16 03:08:00'),
(154, 2, N'Rat hai long voi dich vu.', '2023-01-26 23:03:00'),
(155, 3, N'Rat hai long voi dich vu.', '2024-11-20 02:46:00'),
(156, 4, N'Gia ca hop ly, se quay lai.', '2024-07-18 00:40:00'),
(158, 1, N'Con can cai thien them.', '2023-07-05 19:41:00'),
(161, 1, N'Xe sach nhung phai cho hoi lau.', '2023-12-27 04:49:00'),
(162, 5, N'Nhan vien nhiet tinh, xe duoc rua ky.', '2025-03-27 01:15:00'),
(164, 5, NULL, '2024-07-13 18:31:00'),
(165, 2, N'Tuyet voi, se gioi thieu cho ban be.', '2024-04-02 16:40:00'),
(167, 4, N'Xe sach nhung noi that chua duoc ky.', '2023-08-02 13:38:00'),
(168, 4, N'Rat hai long voi dich vu.', '2024-02-18 17:21:00'),
(169, 3, N'Xe sach nhung noi that chua duoc ky.', '2023-04-23 14:30:00'),
(170, 3, NULL, '2024-07-13 22:09:00'),
(172, 2, NULL, '2023-03-30 11:06:00'),
(176, 3, N'Xe sach nhung phai cho hoi lau.', '2024-12-02 04:20:00'),
(177, 3, N'Dich vu binh thuong.', '2024-08-13 02:12:00'),
(178, 4, N'Dich vu binh thuong.', '2024-10-07 03:47:00'),
(180, 3, N'Hai long voi ket qua.', '2025-01-31 12:31:00'),
(185, 5, NULL, '2023-04-11 20:05:00'),
(186, 5, NULL, '2024-11-03 05:33:00'),
(189, 4, N'Rat hai long voi dich vu.', '2024-11-06 01:20:00'),
(191, 2, N'Co so vat chat hien dai, sach se.', '2025-02-26 19:14:00'),
(197, 3, N'Co so vat chat hien dai, sach se.', '2024-01-13 01:09:00'),
(201, 4, N'Co so vat chat hien dai, sach se.', '2024-02-21 04:00:00'),
(203, 3, N'Gia ca hop ly, se quay lai.', '2025-03-25 13:17:00'),
(204, 2, N'Dich vu binh thuong.', '2023-08-15 00:29:00'),
(208, 5, N'Nhan vien than thien, phuc vu nhanh.', '2025-03-25 16:23:00'),
(210, 2, NULL, '2023-07-18 15:29:00'),
(213, 1, N'Gia tot, chat luong on.', '2024-05-12 20:47:00'),
(214, 3, NULL, '2023-12-02 23:54:00'),
(218, 2, N'Phuc vu chuyen nghiep.', '2024-07-23 04:00:00'),
(219, 5, N'Co so vat chat hien dai, sach se.', '2023-01-17 02:07:00'),
(220, 4, N'Phuc vu chuyen nghiep.', '2024-08-11 10:06:00'),
(221, 5, N'Rat hai long voi dich vu.', '2025-03-30 01:52:00'),
(222, 5, N'Xe sach nhung noi that chua duoc ky.', '2023-08-12 23:49:00'),
(223, 2, NULL, '2025-02-07 10:36:00'),
(224, 5, N'Hai long voi ket qua.', '2023-03-17 01:59:00'),
(228, 2, N'Nhan vien than thien, phuc vu nhanh.', '2024-11-28 01:54:00'),
(229, 5, N'Phuc vu chuyen nghiep.', '2024-04-29 00:56:00'),
(230, 5, NULL, '2023-07-15 07:07:00'),
(236, 5, N'Dich vu rat tot, xe sach bong!', '2023-02-13 05:47:00'),
(237, 4, N'Gia tot, chat luong on.', '2023-06-02 13:14:00'),
(238, 4, N'Tuyet voi, se gioi thieu cho ban be.', '2024-04-15 22:24:00'),
(240, 1, N'Phuc vu chuyen nghiep.', '2024-11-28 02:56:00'),
(242, 4, N'Con can cai thien them.', '2024-06-09 19:06:00'),
(243, 2, N'Khong hai long, xe chua sach lam.', '2024-01-20 01:09:00'),
(246, 4, N'Phuc vu chuyen nghiep.', '2024-07-24 12:10:00'),
(247, 5, N'Con can cai thien them.', '2023-11-08 01:35:00'),
(251, 4, N'Gia tot, chat luong on.', '2024-01-02 11:13:00'),
(252, 2, N'Rat hai long voi dich vu.', '2024-06-13 06:30:00'),
(253, 3, N'Phuc vu chuyen nghiep.', '2024-12-16 05:28:00'),
(254, 5, NULL, '2025-03-09 14:47:00'),
(255, 5, N'Co so vat chat hien dai, sach se.', '2025-03-26 18:31:00'),
(263, 2, N'Xe sach nhung phai cho hoi lau.', '2024-06-02 00:45:00'),
(265, 4, N'Xe sach nhung phai cho hoi lau.', '2024-01-08 06:33:00'),
(268, 3, N'Rat hai long voi dich vu.', '2024-02-16 00:31:00'),
(269, 5, N'Dich vu binh thuong.', '2023-05-08 15:19:00'),
(270, 5, N'Gia tot, chat luong on.', '2024-01-02 15:58:00'),
(271, 5, N'Rat hai long voi dich vu.', '2023-05-07 20:54:00'),
(275, 5, N'Phuc vu chuyen nghiep.', '2024-12-24 17:26:00'),
(285, 3, N'Gia tot, chat luong on.', '2023-08-06 11:20:00'),
(287, 2, N'Khong hai long, xe chua sach lam.', '2024-11-08 23:51:00'),
(288, 4, N'Khong hai long, xe chua sach lam.', '2023-09-04 20:26:00'),
(290, 5, N'Gia ca hop ly, se quay lai.', '2023-09-10 03:57:00'),
(291, 1, NULL, '2023-09-24 07:51:00'),
(292, 5, N'Phuc vu chuyen nghiep.', '2024-02-23 06:58:00'),
(294, 5, N'Con can cai thien them.', '2023-12-05 08:00:00'),
(295, 4, N'Tuyet voi, se gioi thieu cho ban be.', '2024-03-28 00:30:00'),
(297, 5, N'Dich vu binh thuong.', '2023-02-08 19:02:00'),
(300, 5, N'Con can cai thien them.', '2023-12-08 18:31:00'),
(301, 3, N'Xe sach nhung phai cho hoi lau.', '2024-07-17 06:13:00'),
(302, 5, N'Nhan vien nhiet tinh, xe duoc rua ky.', '2024-10-05 13:45:00'),
(303, 5, N'Co so vat chat hien dai, sach se.', '2023-11-27 06:38:00'),
(306, 4, N'Phuc vu chuyen nghiep.', '2024-09-07 17:40:00'),
(307, 4, N'Xe sach nhung phai cho hoi lau.', '2024-04-11 19:11:00'),
(308, 5, N'Dich vu binh thuong.', '2023-08-01 21:09:00'),
(311, 1, N'Nhan vien than thien, phuc vu nhanh.', '2024-04-27 13:11:00'),
(312, 4, N'Dich vu rat tot, xe sach bong!', '2024-02-12 16:46:00'),
(315, 5, N'Xe sach nhung phai cho hoi lau.', '2024-05-19 09:30:00'),
(316, 3, N'Khong hai long, xe chua sach lam.', '2023-06-18 14:14:00'),
(321, 5, N'Dich vu rat tot, xe sach bong!', '2024-04-10 15:37:00'),
(326, 3, N'Gia ca hop ly, se quay lai.', '2024-09-20 21:39:00'),
(327, 4, NULL, '2024-06-26 15:34:00'),
(329, 5, NULL, '2024-06-11 21:36:00'),
(331, 5, N'Hai long voi ket qua.', '2023-11-20 02:36:00'),
(332, 5, N'Gia tot, chat luong on.', '2023-09-25 19:51:00'),
(334, 2, N'Nhan vien nhiet tinh, xe duoc rua ky.', '2023-11-08 21:44:00'),
(335, 5, N'Tuyet voi, se gioi thieu cho ban be.', '2024-03-23 07:14:00'),
(336, 3, N'Tuyet voi, se gioi thieu cho ban be.', '2025-01-28 11:55:00'),
(337, 5, N'Nhan vien than thien, phuc vu nhanh.', '2024-02-07 19:51:00'),
(339, 4, N'Con can cai thien them.', '2023-03-09 07:41:00'),
(340, 1, N'Nhan vien than thien, phuc vu nhanh.', '2023-01-24 01:05:00'),
(342, 4, N'Dich vu binh thuong.', '2024-09-28 08:37:00'),
(343, 5, NULL, '2024-05-21 08:10:00'),
(344, 3, N'Tuyet voi, se gioi thieu cho ban be.', '2024-06-01 04:49:00'),
(345, 5, NULL, '2023-12-16 11:09:00'),
(347, 3, N'Khong hai long, xe chua sach lam.', '2024-01-09 01:46:00'),
(348, 5, N'Phuc vu chuyen nghiep.', '2023-05-22 13:54:00'),
(351, 4, NULL, '2023-03-14 10:44:00'),
(355, 3, N'Xe sach nhung phai cho hoi lau.', '2025-01-15 22:03:00'),
(357, 4, N'Gia tot, chat luong on.', '2025-01-16 14:30:00'),
(358, 1, N'Co so vat chat hien dai, sach se.', '2023-05-10 00:12:00'),
(363, 1, N'Co so vat chat hien dai, sach se.', '2024-12-30 13:57:00'),
(364, 4, N'Nhan vien than thien, phuc vu nhanh.', '2024-07-26 18:55:00'),
(370, 4, N'Phuc vu chuyen nghiep.', '2025-03-28 21:04:00'),
(372, 4, N'Khong hai long, xe chua sach lam.', '2023-10-10 11:03:00'),
(374, 3, NULL, '2024-01-30 00:17:00'),
(375, 1, N'Nhan vien than thien, phuc vu nhanh.', '2023-06-07 17:28:00'),
(377, 2, N'Khong hai long, xe chua sach lam.', '2024-06-06 08:11:00'),
(378, 1, N'Dich vu binh thuong.', '2023-01-20 16:21:00'),
(379, 1, NULL, '2024-04-02 12:52:00'),
(381, 5, N'Tuyet voi, se gioi thieu cho ban be.', '2023-10-08 08:40:00'),
(382, 4, N'Xe sach nhung phai cho hoi lau.', '2024-07-30 23:31:00'),
(383, 5, N'Xe sach nhung noi that chua duoc ky.', '2023-11-23 05:59:00'),
(387, 3, N'Nhan vien nhiet tinh, xe duoc rua ky.', '2024-03-31 04:57:00'),
(390, 1, N'Gia ca hop ly, se quay lai.', '2025-02-04 13:31:00'),
(392, 2, N'Dich vu rat tot, xe sach bong!', '2024-03-19 14:53:00'),
(393, 5, N'Nhan vien than thien, phuc vu nhanh.', '2023-02-19 06:00:00'),
(394, 2, N'Hai long voi ket qua.', '2023-01-28 18:55:00'),
(395, 5, N'Phuc vu chuyen nghiep.', '2024-10-04 18:37:00'),
(396, 5, NULL, '2023-04-24 06:45:00'),
(401, 5, N'Rat hai long voi dich vu.', '2023-04-24 03:11:00'),
(403, 4, NULL, '2024-06-11 20:49:00'),
(405, 4, N'Xe sach nhung noi that chua duoc ky.', '2023-12-21 06:08:00'),
(406, 4, NULL, '2024-09-07 19:43:00'),
(407, 5, N'Co so vat chat hien dai, sach se.', '2025-03-21 01:59:00'),
(408, 5, N'Nhan vien nhiet tinh, xe duoc rua ky.', '2023-12-08 21:49:00'),
(409, 3, N'Phuc vu chuyen nghiep.', '2023-04-28 23:30:00'),
(411, 5, NULL, '2023-04-16 15:16:00'),
(415, 3, N'Xe sach nhung noi that chua duoc ky.', '2024-08-22 09:54:00'),
(416, 5, N'Xe sach nhung phai cho hoi lau.', '2024-06-17 09:07:00'),
(417, 5, NULL, '2025-03-22 01:09:00'),
(418, 3, N'Tuyet voi, se gioi thieu cho ban be.', '2024-01-23 03:57:00'),
(419, 3, N'Khong hai long, xe chua sach lam.', '2024-03-31 21:48:00'),
(420, 4, NULL, '2024-01-13 07:40:00'),
(423, 1, N'Con can cai thien them.', '2023-01-09 12:19:00'),
(424, 1, N'Nhan vien than thien, phuc vu nhanh.', '2023-06-04 00:26:00'),
(425, 3, N'Nhan vien than thien, phuc vu nhanh.', '2025-01-11 11:19:00'),
(426, 5, N'Phuc vu chuyen nghiep.', '2023-01-31 21:27:00'),
(427, 3, NULL, '2024-03-12 04:14:00'),
(429, 5, N'Dich vu binh thuong.', '2023-07-15 07:50:00'),
(431, 4, NULL, '2023-03-15 20:01:00'),
(432, 1, N'Co so vat chat hien dai, sach se.', '2023-05-15 06:56:00'),
(433, 1, N'Hai long voi ket qua.', '2023-06-14 11:13:00'),
(435, 5, NULL, '2024-04-20 16:38:00'),
(436, 4, NULL, '2024-03-02 10:22:00'),
(437, 4, N'Gia tot, chat luong on.', '2024-02-08 03:01:00'),
(440, 4, N'Con can cai thien them.', '2023-04-29 11:36:00'),
(442, 5, NULL, '2024-07-03 08:37:00'),
(443, 1, N'Gia tot, chat luong on.', '2024-11-22 19:54:00'),
(445, 4, N'Co so vat chat hien dai, sach se.', '2023-01-30 02:38:00'),
(447, 5, N'Nhan vien nhiet tinh, xe duoc rua ky.', '2024-03-16 05:22:00'),
(450, 1, N'Xe sach nhung phai cho hoi lau.', '2025-03-02 11:32:00'),
(451, 4, N'Nhan vien nhiet tinh, xe duoc rua ky.', '2024-06-09 14:41:00'),
(453, 4, N'Nhan vien nhiet tinh, xe duoc rua ky.', '2023-06-07 21:48:00'),
(454, 4, N'Gia tot, chat luong on.', '2024-06-19 11:46:00'),
(459, 3, N'Nhan vien than thien, phuc vu nhanh.', '2024-04-27 17:38:00'),
(460, 3, N'Xe sach nhung phai cho hoi lau.', '2023-11-04 22:34:00'),
(462, 4, NULL, '2025-01-20 02:32:00'),
(463, 5, N'Nhan vien nhiet tinh, xe duoc rua ky.', '2023-03-16 18:35:00'),
(465, 3, N'Phuc vu chuyen nghiep.', '2024-01-07 02:50:00'),
(467, 2, N'Con can cai thien them.', '2024-06-16 15:09:00'),
(468, 2, N'Tuyet voi, se gioi thieu cho ban be.', '2024-08-25 17:16:00'),
(470, 5, N'Gia ca hop ly, se quay lai.', '2024-11-02 20:32:00'),
(471, 1, N'Dich vu binh thuong.', '2023-04-23 17:47:00'),
(473, 3, N'Phuc vu chuyen nghiep.', '2023-02-01 01:26:00'),
(478, 5, N'Khong hai long, xe chua sach lam.', '2023-02-18 19:46:00'),
(483, 4, N'Rat hai long voi dich vu.', '2024-08-14 19:19:00'),
(487, 4, N'Gia ca hop ly, se quay lai.', '2023-10-31 09:35:00'),
(488, 1, N'Hai long voi ket qua.', '2024-12-07 07:00:00'),
(490, 1, NULL, '2024-11-08 08:21:00'),
(491, 5, N'Khong hai long, xe chua sach lam.', '2025-01-16 12:54:00'),
(492, 4, N'Phuc vu chuyen nghiep.', '2023-02-27 10:50:00'),
(493, 5, N'Phuc vu chuyen nghiep.', '2025-01-23 04:37:00'),
(494, 5, N'Gia tot, chat luong on.', '2023-04-10 23:29:00'),
(497, 5, N'Gia ca hop ly, se quay lai.', '2024-05-18 10:08:00');
GO

-- ============================================================
-- INSERT LOYALTY_TRANSACTION
-- ============================================================
INSERT INTO LOYALTY_TRANSACTION (UserID, BookingID, TransactionType, Points, CreatedDate) VALUES
(48, 2, N'EARN', 91, '2023-07-30 18:53:00'),
(152, 3, N'EARN', 171, '2023-07-02 09:35:00'),
(152, 3, N'REDEEM', 143, '2023-07-02 08:35:00'),
(118, 4, N'EARN', 13, '2024-02-03 22:07:00'),
(101, 5, N'EARN', 179, '2023-04-19 10:50:00'),
(50, 6, N'EARN', 48, '2024-04-30 06:34:00'),
(18, 7, N'EARN', 57, '2023-01-12 18:55:00'),
(196, 11, N'EARN', 14, '2023-11-22 16:28:00'),
(78, 12, N'EARN', 48, '2024-03-14 06:00:00'),
(170, 15, N'EARN', 60, '2024-02-19 19:13:00'),
(170, 15, N'REDEEM', 150, '2024-02-19 18:13:00'),
(164, 16, N'EARN', 50, '2023-08-17 19:46:00'),
(36, 18, N'EARN', 150, '2024-05-10 12:02:00'),
(152, 20, N'EARN', 58, '2024-10-10 09:53:00'),
(156, 21, N'EARN', 195, '2023-03-21 17:16:00'),
(152, 23, N'EARN', 121, '2023-06-11 12:38:00'),
(114, 24, N'EARN', 50, '2024-08-27 06:41:00'),
(186, 27, N'EARN', 180, '2023-08-13 14:38:00'),
(186, 27, N'REDEEM', 77, '2023-08-13 13:38:00'),
(112, 28, N'EARN', 27, '2024-09-02 19:04:00'),
(33, 32, N'EARN', 190, '2023-03-27 10:38:00'),
(87, 33, N'EARN', 84, '2024-01-20 21:13:00'),
(87, 33, N'REDEEM', 182, '2024-01-20 20:13:00'),
(38, 35, N'EARN', 136, '2024-07-19 18:30:00'),
(144, 36, N'EARN', 116, '2024-11-06 04:47:00'),
(100, 37, N'EARN', 88, '2024-09-20 23:43:00'),
(118, 38, N'EARN', 96, '2023-03-07 09:14:00'),
(132, 40, N'EARN', 185, '2023-02-04 20:32:00'),
(74, 42, N'EARN', 166, '2023-04-03 18:18:00'),
(74, 42, N'REDEEM', 83, '2023-04-03 17:18:00'),
(81, 43, N'EARN', 145, '2024-02-18 19:00:00'),
(195, 44, N'EARN', 195, '2023-04-30 17:16:00'),
(81, 46, N'EARN', 186, '2024-11-24 23:14:00'),
(192, 47, N'EARN', 104, '2023-09-12 10:05:00'),
(185, 50, N'EARN', 131, '2024-09-20 01:48:00'),
(185, 50, N'REDEEM', 164, '2024-09-20 00:48:00'),
(93, 52, N'EARN', 104, '2025-03-29 14:30:00'),
(71, 54, N'EARN', 63, '2023-09-23 06:35:00'),
(201, 55, N'EARN', 186, '2023-08-04 14:44:00'),
(90, 56, N'EARN', 90, '2023-04-14 00:17:00'),
(97, 57, N'EARN', 131, '2023-01-10 06:26:00'),
(180, 58, N'EARN', 152, '2024-12-08 06:03:00'),
(117, 62, N'EARN', 94, '2023-11-18 11:41:00'),
(26, 64, N'EARN', 42, '2023-04-08 03:59:00'),
(68, 67, N'EARN', 171, '2024-03-31 05:44:00'),
(31, 68, N'EARN', 68, '2023-12-22 16:34:00'),
(85, 70, N'EARN', 166, '2025-02-12 16:19:00'),
(130, 72, N'EARN', 73, '2024-06-13 20:51:00'),
(210, 74, N'EARN', 130, '2023-01-23 06:06:00'),
(63, 76, N'EARN', 90, '2023-03-15 18:30:00'),
(132, 78, N'EARN', 34, '2024-10-07 00:02:00'),
(79, 79, N'EARN', 47, '2024-01-05 02:55:00'),
(79, 80, N'EARN', 30, '2024-02-10 08:00:00'),
(92, 81, N'EARN', 128, '2024-12-03 20:21:00'),
(105, 82, N'EARN', 196, '2023-05-09 16:14:00'),
(25, 83, N'EARN', 125, '2023-09-14 02:31:00'),
(88, 84, N'EARN', 59, '2025-01-19 15:17:00'),
(63, 86, N'EARN', 80, '2024-11-05 18:52:00'),
(207, 88, N'EARN', 103, '2024-11-04 16:33:00'),
(40, 89, N'EARN', 25, '2024-11-02 16:59:00'),
(209, 93, N'EARN', 67, '2023-04-17 06:50:00'),
(139, 94, N'EARN', 93, '2023-12-27 11:35:00'),
(157, 95, N'EARN', 168, '2024-09-15 08:36:00'),
(122, 97, N'EARN', 47, '2025-03-01 23:52:00'),
(160, 99, N'EARN', 91, '2023-08-12 00:04:00'),
(13, 100, N'EARN', 90, '2023-02-09 00:51:00'),
(142, 101, N'EARN', 147, '2025-02-27 08:47:00'),
(78, 103, N'EARN', 175, '2023-08-16 14:18:00'),
(78, 103, N'REDEEM', 80, '2023-08-16 13:18:00'),
(106, 105, N'EARN', 85, '2023-07-20 18:39:00'),
(143, 106, N'EARN', 198, '2024-12-02 19:05:00'),
(185, 109, N'EARN', 144, '2023-11-09 15:30:00'),
(185, 112, N'EARN', 82, '2024-11-09 22:23:00'),
(106, 113, N'EARN', 106, '2023-11-20 16:55:00'),
(59, 114, N'EARN', 12, '2023-02-10 08:59:00'),
(185, 117, N'EARN', 62, '2024-10-02 22:14:00'),
(185, 117, N'REDEEM', 56, '2024-10-02 21:14:00'),
(200, 120, N'EARN', 17, '2025-01-14 01:48:00'),
(88, 121, N'EARN', 117, '2023-01-27 20:39:00'),
(88, 121, N'REDEEM', 169, '2023-01-27 19:39:00'),
(105, 122, N'EARN', 47, '2023-03-23 23:49:00'),
(33, 125, N'EARN', 107, '2025-01-22 13:46:00'),
(52, 126, N'EARN', 162, '2024-04-07 15:52:00'),
(25, 127, N'EARN', 90, '2025-02-22 21:03:00'),
(25, 127, N'REDEEM', 120, '2025-02-22 20:03:00'),
(184, 128, N'EARN', 126, '2023-02-25 23:33:00'),
(140, 129, N'EARN', 190, '2024-12-13 18:08:00'),
(117, 132, N'EARN', 82, '2024-08-02 22:55:00'),
(117, 132, N'REDEEM', 82, '2024-08-02 21:55:00'),
(43, 133, N'EARN', 92, '2023-07-05 04:57:00'),
(86, 134, N'EARN', 41, '2023-01-06 20:56:00'),
(86, 134, N'REDEEM', 133, '2023-01-06 19:56:00'),
(17, 137, N'EARN', 151, '2024-09-17 22:44:00'),
(55, 138, N'EARN', 46, '2023-04-06 10:20:00'),
(144, 139, N'EARN', 194, '2023-05-05 23:55:00'),
(188, 140, N'EARN', 16, '2024-08-09 00:40:00'),
(123, 141, N'EARN', 175, '2024-08-11 20:22:00'),
(132, 142, N'EARN', 55, '2024-09-16 08:45:00'),
(189, 143, N'EARN', 18, '2025-01-25 07:51:00'),
(102, 144, N'EARN', 92, '2024-12-07 10:16:00'),
(58, 146, N'EARN', 155, '2024-04-30 02:41:00'),
(58, 146, N'REDEEM', 180, '2024-04-30 01:41:00'),
(62, 147, N'EARN', 24, '2023-02-27 17:19:00'),
(114, 148, N'EARN', 192, '2025-03-29 12:04:00'),
(114, 148, N'REDEEM', 66, '2025-03-29 11:04:00'),
(24, 151, N'EARN', 27, '2025-03-07 07:58:00'),
(24, 151, N'REDEEM', 76, '2025-03-07 06:58:00'),
(112, 152, N'EARN', 143, '2024-06-20 10:49:00'),
(112, 152, N'REDEEM', 110, '2024-06-20 09:49:00'),
(31, 153, N'EARN', 33, '2023-02-15 22:54:00'),
(116, 154, N'EARN', 101, '2023-01-24 19:48:00'),
(12, 155, N'EARN', 115, '2024-11-18 04:17:00'),
(81, 156, N'EARN', 27, '2024-07-16 11:17:00'),
(49, 158, N'EARN', 149, '2023-07-03 23:38:00'),
(49, 158, N'REDEEM', 156, '2023-07-03 22:38:00'),
(132, 159, N'EARN', 174, '2023-03-22 15:36:00'),
(60, 160, N'EARN', 187, '2023-05-28 20:16:00'),
(60, 160, N'REDEEM', 72, '2023-05-28 19:16:00'),
(34, 161, N'EARN', 63, '2023-12-26 16:29:00'),
(136, 162, N'EARN', 39, '2025-03-26 04:20:00'),
(36, 164, N'EARN', 76, '2024-07-11 23:15:00'),
(178, 165, N'EARN', 24, '2024-03-31 06:19:00'),
(58, 166, N'EARN', 152, '2024-08-17 21:51:00'),
(58, 166, N'REDEEM', 107, '2024-08-17 20:51:00'),
(53, 167, N'EARN', 132, '2023-07-30 22:56:00'),
(53, 167, N'REDEEM', 106, '2023-07-30 21:56:00'),
(112, 168, N'EARN', 69, '2024-02-18 05:54:00'),
(23, 169, N'EARN', 45, '2023-04-23 10:55:00'),
(202, 172, N'EARN', 92, '2023-03-28 05:41:00'),
(77, 173, N'EARN', 172, '2024-01-29 12:14:00'),
(135, 176, N'EARN', 14, '2024-12-01 21:34:00'),
(143, 177, N'EARN', 84, '2024-08-11 00:21:00'),
(193, 180, N'EARN', 181, '2025-01-29 04:38:00'),
(114, 183, N'EARN', 116, '2025-02-12 04:03:00'),
(45, 189, N'EARN', 20, '2024-11-03 07:38:00'),
(153, 191, N'EARN', 19, '2025-02-26 14:44:00'),
(171, 192, N'EARN', 159, '2023-03-03 09:52:00'),
(175, 195, N'EARN', 99, '2024-02-05 19:00:00'),
(113, 196, N'EARN', 158, '2024-01-29 23:52:00'),
(81, 197, N'EARN', 140, '2024-01-10 18:54:00'),
(124, 201, N'EARN', 52, '2024-02-20 04:13:00'),
(27, 208, N'EARN', 48, '2025-03-22 16:44:00'),
(94, 210, N'EARN', 170, '2023-07-16 04:33:00'),
(65, 213, N'EARN', 82, '2024-05-11 17:07:00'),
(206, 219, N'EARN', 105, '2023-01-16 00:27:00'),
(190, 222, N'EARN', 50, '2023-08-12 05:22:00'),
(206, 223, N'EARN', 165, '2025-02-04 19:01:00'),
(150, 224, N'EARN', 60, '2023-03-14 13:57:00'),
(79, 228, N'EARN', 76, '2024-11-27 14:17:00'),
(164, 229, N'EARN', 176, '2024-04-26 23:34:00'),
(98, 232, N'EARN', 17, '2024-03-31 00:41:00'),
(125, 233, N'EARN', 176, '2024-08-15 11:41:00'),
(192, 236, N'EARN', 113, '2023-02-12 11:36:00'),
(128, 237, N'EARN', 38, '2023-06-01 12:28:00'),
(128, 237, N'REDEEM', 77, '2023-06-01 11:28:00'),
(161, 238, N'EARN', 200, '2024-04-14 11:09:00'),
(163, 240, N'EARN', 62, '2024-11-25 18:07:00'),
(99, 242, N'EARN', 155, '2024-06-08 13:12:00'),
(86, 243, N'EARN', 86, '2024-01-17 01:18:00'),
(189, 245, N'EARN', 182, '2024-06-21 11:04:00'),
(95, 246, N'EARN', 161, '2024-07-23 15:45:00'),
(118, 247, N'EARN', 102, '2023-11-06 19:19:00'),
(186, 252, N'EARN', 175, '2024-06-10 07:49:00'),
(108, 254, N'EARN', 155, '2025-03-08 16:26:00'),
(160, 255, N'EARN', 74, '2025-03-25 18:39:00'),
(20, 257, N'EARN', 16, '2024-06-19 11:11:00'),
(135, 259, N'EARN', 65, '2023-02-03 22:32:00'),
(203, 265, N'EARN', 95, '2024-01-05 23:18:00'),
(163, 267, N'EARN', 194, '2024-11-26 12:11:00'),
(134, 270, N'EARN', 93, '2023-12-31 16:42:00'),
(125, 271, N'EARN', 110, '2023-05-06 09:31:00'),
(54, 272, N'EARN', 52, '2024-01-27 20:43:00'),
(59, 274, N'EARN', 132, '2024-01-28 15:20:00'),
(45, 275, N'EARN', 83, '2024-12-24 06:31:00'),
(96, 276, N'EARN', 180, '2024-12-02 18:36:00'),
(176, 285, N'EARN', 73, '2023-08-03 12:50:00'),
(176, 285, N'REDEEM', 77, '2023-08-03 11:50:00'),
(180, 287, N'EARN', 10, '2024-11-08 00:29:00'),
(132, 290, N'EARN', 168, '2023-09-09 10:29:00'),
(132, 290, N'REDEEM', 52, '2023-09-09 09:29:00'),
(72, 291, N'EARN', 80, '2023-09-22 09:42:00'),
(184, 292, N'EARN', 87, '2024-02-21 12:42:00'),
(106, 294, N'EARN', 196, '2023-12-04 19:47:00'),
(161, 297, N'EARN', 50, '2023-02-06 00:42:00'),
(161, 297, N'REDEEM', 144, '2023-02-05 23:42:00'),
(78, 298, N'EARN', 65, '2024-12-02 04:34:00'),
(156, 300, N'EARN', 118, '2023-12-07 23:27:00'),
(143, 301, N'EARN', 105, '2024-07-15 00:20:00'),
(143, 301, N'REDEEM', 156, '2024-07-14 23:20:00'),
(107, 302, N'EARN', 177, '2024-10-05 10:20:00'),
(107, 302, N'REDEEM', 58, '2024-10-05 09:20:00'),
(166, 306, N'EARN', 40, '2024-09-06 09:09:00'),
(48, 308, N'EARN', 77, '2023-07-31 20:13:00'),
(41, 312, N'EARN', 62, '2024-02-09 22:23:00'),
(41, 312, N'REDEEM', 57, '2024-02-09 21:23:00'),
(176, 313, N'EARN', 131, '2023-12-14 15:08:00'),
(176, 313, N'REDEEM', 78, '2023-12-14 14:08:00'),
(77, 314, N'EARN', 32, '2023-10-16 00:23:00'),
(177, 315, N'EARN', 126, '2024-05-18 05:35:00'),
(157, 316, N'EARN', 158, '2023-06-17 23:29:00'),
(11, 317, N'EARN', 79, '2023-04-27 00:55:00'),
(66, 320, N'EARN', 189, '2023-06-07 01:05:00'),
(129, 326, N'EARN', 26, '2024-09-20 06:27:00'),
(69, 331, N'EARN', 49, '2023-11-18 19:46:00'),
(14, 332, N'EARN', 111, '2023-09-23 22:06:00'),
(144, 333, N'EARN', 17, '2024-02-19 22:47:00'),
(144, 333, N'REDEEM', 160, '2024-02-19 21:47:00'),
(141, 334, N'EARN', 129, '2023-11-06 03:08:00'),
(176, 335, N'EARN', 13, '2024-03-22 21:54:00'),
(84, 339, N'EARN', 21, '2023-03-07 09:57:00'),
(110, 340, N'EARN', 81, '2023-01-22 06:18:00'),
(42, 342, N'EARN', 194, '2024-09-28 07:18:00'),
(62, 343, N'EARN', 78, '2024-05-20 10:15:00'),
(62, 343, N'REDEEM', 119, '2024-05-20 09:15:00'),
(43, 344, N'EARN', 58, '2024-05-30 02:51:00'),
(157, 345, N'EARN', 124, '2023-12-15 12:49:00'),
(148, 347, N'EARN', 176, '2024-01-06 06:46:00'),
(148, 347, N'REDEEM', 194, '2024-01-06 05:46:00'),
(35, 348, N'EARN', 121, '2023-05-22 04:54:00'),
(193, 355, N'EARN', 189, '2025-01-13 00:47:00'),
(112, 356, N'EARN', 69, '2024-06-17 11:48:00'),
(23, 357, N'EARN', 200, '2025-01-13 14:32:00'),
(23, 357, N'REDEEM', 143, '2025-01-13 13:32:00'),
(83, 358, N'EARN', 32, '2023-05-08 15:19:00'),
(184, 361, N'EARN', 126, '2024-03-11 05:30:00'),
(175, 362, N'EARN', 149, '2024-08-21 16:40:00'),
(175, 362, N'REDEEM', 145, '2024-08-21 15:40:00'),
(87, 363, N'EARN', 195, '2024-12-29 15:08:00'),
(186, 364, N'EARN', 47, '2024-07-26 12:58:00'),
(51, 371, N'EARN', 173, '2024-08-06 17:12:00'),
(178, 372, N'EARN', 54, '2023-10-09 07:15:00'),
(210, 374, N'EARN', 105, '2024-01-27 09:05:00'),
(145, 375, N'EARN', 98, '2023-06-07 10:26:00'),
(119, 377, N'EARN', 47, '2024-06-04 17:24:00'),
(87, 378, N'EARN', 136, '2023-01-20 09:35:00'),
(200, 379, N'EARN', 114, '2024-04-01 03:54:00'),
(67, 381, N'EARN', 120, '2023-10-07 20:16:00'),
(67, 381, N'REDEEM', 114, '2023-10-07 19:16:00'),
(78, 382, N'EARN', 45, '2024-07-30 03:19:00'),
(55, 387, N'EARN', 101, '2024-03-31 01:14:00'),
(89, 392, N'EARN', 125, '2024-03-18 14:17:00'),
(49, 394, N'EARN', 184, '2023-01-27 00:14:00'),
(49, 394, N'REDEEM', 60, '2023-01-26 23:14:00'),
(201, 396, N'EARN', 97, '2023-04-21 16:15:00'),
(176, 400, N'EARN', 170, '2024-04-20 14:56:00'),
(176, 400, N'REDEEM', 137, '2024-04-20 13:56:00'),
(47, 401, N'EARN', 148, '2023-04-21 04:00:00'),
(65, 403, N'EARN', 200, '2024-06-09 21:48:00'),
(65, 403, N'REDEEM', 196, '2024-06-09 20:48:00'),
(131, 405, N'EARN', 45, '2023-12-19 07:12:00'),
(100, 406, N'EARN', 62, '2024-09-06 23:21:00'),
(99, 407, N'EARN', 111, '2025-03-19 02:31:00'),
(99, 407, N'REDEEM', 157, '2025-03-19 01:31:00'),
(56, 409, N'EARN', 38, '2023-04-28 05:18:00'),
(144, 410, N'EARN', 149, '2023-08-13 09:46:00'),
(144, 410, N'REDEEM', 76, '2023-08-13 08:46:00'),
(46, 411, N'EARN', 157, '2023-04-14 01:53:00'),
(46, 411, N'REDEEM', 190, '2023-04-14 00:53:00'),
(57, 415, N'EARN', 180, '2024-08-21 16:13:00'),
(125, 416, N'EARN', 199, '2024-06-15 15:11:00'),
(155, 419, N'EARN', 191, '2024-03-31 17:22:00'),
(19, 420, N'EARN', 135, '2024-01-12 16:20:00'),
(19, 420, N'REDEEM', 145, '2024-01-12 15:20:00'),
(37, 423, N'EARN', 150, '2023-01-09 10:18:00'),
(149, 424, N'EARN', 143, '2023-06-02 13:14:00'),
(79, 425, N'EARN', 110, '2025-01-09 15:21:00'),
(157, 426, N'EARN', 99, '2023-01-31 12:08:00'),
(120, 427, N'EARN', 186, '2024-03-11 22:48:00'),
(39, 429, N'EARN', 37, '2023-07-12 16:06:00'),
(136, 430, N'EARN', 174, '2023-02-02 23:38:00'),
(109, 431, N'EARN', 187, '2023-03-13 15:03:00'),
(132, 432, N'EARN', 58, '2023-05-13 18:26:00'),
(110, 433, N'EARN', 139, '2023-06-12 20:36:00'),
(31, 436, N'EARN', 136, '2024-03-01 08:11:00'),
(31, 436, N'REDEEM', 68, '2024-03-01 07:11:00'),
(169, 437, N'EARN', 187, '2024-02-07 23:02:00'),
(185, 438, N'EARN', 71, '2024-02-26 18:07:00'),
(57, 440, N'EARN', 87, '2023-04-28 23:58:00'),
(165, 441, N'EARN', 148, '2024-03-24 05:30:00'),
(197, 442, N'EARN', 58, '2024-07-02 00:25:00'),
(197, 442, N'REDEEM', 57, '2024-07-01 23:25:00'),
(44, 443, N'EARN', 85, '2024-11-22 18:13:00'),
(44, 443, N'REDEEM', 97, '2024-11-22 17:13:00'),
(148, 445, N'EARN', 184, '2023-01-29 01:21:00'),
(148, 445, N'REDEEM', 114, '2023-01-29 00:21:00'),
(92, 447, N'EARN', 125, '2024-03-14 04:14:00'),
(94, 448, N'EARN', 118, '2024-02-03 07:29:00'),
(77, 449, N'EARN', 179, '2023-04-15 23:34:00'),
(68, 450, N'EARN', 188, '2025-02-28 23:08:00'),
(182, 451, N'EARN', 97, '2024-06-07 21:47:00'),
(204, 453, N'EARN', 63, '2023-06-05 13:13:00'),
(20, 454, N'EARN', 168, '2024-06-17 14:41:00'),
(69, 455, N'EARN', 132, '2024-11-11 08:51:00'),
(177, 456, N'EARN', 161, '2023-03-08 16:04:00'),
(177, 456, N'REDEEM', 175, '2023-03-08 15:04:00'),
(154, 457, N'EARN', 18, '2023-07-29 08:32:00'),
(16, 458, N'EARN', 99, '2023-09-12 10:18:00'),
(16, 458, N'REDEEM', 171, '2023-09-12 09:18:00'),
(32, 459, N'EARN', 108, '2024-04-27 15:27:00'),
(71, 462, N'EARN', 35, '2025-01-18 00:23:00'),
(179, 463, N'EARN', 160, '2023-03-14 14:56:00'),
(59, 465, N'EARN', 99, '2024-01-06 21:45:00'),
(132, 467, N'EARN', 185, '2024-06-14 07:56:00'),
(199, 468, N'EARN', 16, '2024-08-23 10:46:00'),
(181, 469, N'EARN', 134, '2024-02-12 23:19:00'),
(23, 471, N'EARN', 32, '2023-04-23 15:36:00'),
(20, 472, N'EARN', 149, '2024-10-01 04:55:00'),
(20, 472, N'REDEEM', 112, '2024-10-01 03:55:00'),
(103, 473, N'EARN', 195, '2023-01-31 19:15:00'),
(72, 474, N'EARN', 171, '2023-04-10 07:33:00'),
(174, 475, N'EARN', 126, '2024-01-15 22:56:00'),
(157, 478, N'EARN', 96, '2023-02-17 00:20:00'),
(110, 483, N'EARN', 130, '2024-08-12 20:04:00'),
(110, 483, N'REDEEM', 129, '2024-08-12 19:04:00'),
(161, 487, N'EARN', 151, '2023-10-31 08:31:00'),
(182, 488, N'EARN', 125, '2024-12-06 04:17:00'),
(171, 490, N'EARN', 115, '2024-11-06 06:01:00'),
(171, 490, N'REDEEM', 82, '2024-11-06 05:01:00'),
(86, 492, N'EARN', 161, '2023-02-25 23:19:00'),
(99, 493, N'EARN', 17, '2025-01-22 21:00:00'),
(110, 494, N'EARN', 123, '2023-04-09 12:30:00'),
(110, 494, N'REDEEM', 96, '2023-04-09 11:30:00'),
(186, 496, N'EARN', 128, '2024-10-31 00:24:00'),
(112, 497, N'EARN', 154, '2024-05-15 21:42:00'),
(49, 498, N'EARN', 147, '2025-03-24 19:11:00');
GO

-- ============================================================
-- INSERT MAINTENANCE
-- ============================================================
INSERT INTO MAINTENANCE (MachineID, OperatorID, Description, MaintenanceDate) VALUES
(1, 7, N'Sua chua khan cap', '2023-05-01 22:33:00'),
(8, 5, N'Bao tri he thong dien', '2023-10-28 05:02:00'),
(5, 8, N'Thay linh kien hong', '2023-04-23 21:09:00'),
(2, 6, N'Bao tri he thong dien', '2024-05-12 07:00:00'),
(7, 5, N'Thay linh kien hong', '2023-02-14 09:11:00'),
(4, 8, N'Sua chua khan cap', '2024-05-20 07:45:00'),
(8, 4, N'Thay dau may va loc', '2023-06-18 04:08:00'),
(10, 3, N'Bao tri he thong dien', '2024-05-23 11:50:00'),
(7, 3, N'Can chinh he thong bang tai', '2024-12-11 11:40:00'),
(9, 4, N'Thay linh kien hong', '2024-04-30 01:17:00'),
(7, 9, N'Thay dau may va loc', '2023-03-08 02:16:00'),
(6, 10, N'Thay linh kien hong', '2024-06-03 07:58:00'),
(3, 4, N'Kiem tra va bao duong dinh ky', '2023-06-15 02:36:00'),
(3, 6, N'Bao tri he thong dien', '2024-11-06 17:23:00'),
(9, 7, N'Bao tri he thong dien', '2023-03-10 21:11:00'),
(10, 9, N'Thay dau may va loc', '2024-07-27 01:14:00'),
(4, 5, N'Ve sinh bo loc nuoc', '2023-05-17 23:44:00'),
(7, 3, N'Kiem tra motor may bom', '2023-03-03 16:50:00'),
(1, 4, N'Can chinh he thong bang tai', '2024-11-12 08:37:00'),
(9, 3, N'Ve sinh bo loc nuoc', '2023-05-21 10:58:00'),
(4, 10, N'Thay the voi phun ap luc', '2023-07-13 21:30:00'),
(8, 10, N'Thay the voi phun ap luc', '2023-04-12 05:24:00'),
(9, 4, N'Sua chua he thong phun nuoc', '2024-11-14 04:54:00'),
(9, 5, N'Thay dau may va loc', '2024-05-04 16:04:00'),
(10, 5, N'Thay the voi phun ap luc', '2024-10-03 13:53:00'),
(6, 6, N'Ve sinh bo loc nuoc', '2024-02-21 01:48:00'),
(7, 3, N'Kiem tra motor may bom', '2025-03-10 12:01:00'),
(4, 8, N'Thay linh kien hong', '2024-04-05 19:53:00'),
(4, 5, N'Bao tri he thong dien', '2024-09-21 16:56:00'),
(7, 5, N'Thay the voi phun ap luc', '2024-09-05 16:18:00'),
(8, 4, N'Thay linh kien hong', '2024-09-06 00:26:00'),
(2, 4, N'Sua chua he thong phun nuoc', '2025-03-02 20:02:00'),
(6, 7, N'Thay linh kien hong', '2023-10-15 14:41:00'),
(6, 7, N'Can chinh he thong bang tai', '2024-09-11 10:58:00'),
(5, 10, N'Can chinh he thong bang tai', '2024-05-14 12:48:00'),
(10, 5, N'Bao tri he thong dien', '2023-12-12 02:44:00'),
(8, 8, N'Can chinh he thong bang tai', '2024-06-13 19:40:00'),
(2, 7, N'Ve sinh bo loc nuoc', '2023-10-05 09:38:00'),
(9, 6, N'Kiem tra motor may bom', '2023-11-28 07:36:00'),
(4, 8, N'Ve sinh bo loc nuoc', '2023-07-16 10:33:00'),
(7, 7, N'Ve sinh bo loc nuoc', '2024-09-04 13:42:00'),
(4, 5, N'Ve sinh bo loc nuoc', '2023-07-14 21:43:00'),
(6, 8, N'Thay the voi phun ap luc', '2025-03-28 14:37:00'),
(9, 5, N'Thay dau may va loc', '2025-01-11 23:56:00'),
(5, 6, N'Thay the voi phun ap luc', '2024-09-04 20:53:00'),
(6, 5, N'Bao tri he thong dien', '2024-01-19 07:25:00'),
(8, 7, N'Sua chua khan cap', '2024-04-15 17:21:00'),
(3, 7, N'Sua chua khan cap', '2023-03-15 08:07:00'),
(7, 9, N'Kiem tra va bao duong dinh ky', '2023-03-10 06:51:00'),
(5, 10, N'Bao tri he thong dien', '2024-07-17 18:52:00'),
(5, 9, N'Thay the voi phun ap luc', '2023-09-30 01:27:00'),
(8, 4, N'Bao tri he thong dien', '2024-03-23 12:20:00'),
(2, 5, N'Sua chua he thong phun nuoc', '2023-05-06 11:48:00'),
(1, 3, N'Thay dau may va loc', '2023-10-12 03:35:00'),
(9, 7, N'Sua chua he thong phun nuoc', '2025-03-13 03:59:00'),
(7, 6, N'Kiem tra va bao duong dinh ky', '2024-11-07 18:03:00'),
(1, 4, N'Kiem tra motor may bom', '2024-10-01 23:17:00'),
(5, 9, N'Thay the voi phun ap luc', '2023-08-25 07:39:00'),
(10, 7, N'Can chinh he thong bang tai', '2023-12-29 07:09:00'),
(1, 8, N'Thay the voi phun ap luc', '2023-06-25 12:13:00');
GO

-- ============================================================
-- INSERT SURVEY
-- ============================================================
INSERT INTO SURVEY (UserID, CustomerSatisfaction, UsageFrequency, PreferredFeature, SubmittedAt) VALUES
(NULL, 4, N'Thinh thoang', N'Dat lich online', '2024-12-13 23:47:00'),
(156, 5, N'Thinh thoang', N'Dat lich online', '2023-11-05 12:21:00'),
(182, 4, N'2 tuan/lan', N'Chuong trinh tich diem', '2023-10-24 06:05:00'),
(256, 5, N'Hang thang', N'Dich vu nhanh', '2024-07-08 07:02:00'),
(98, 1, N'2 tuan/lan', N'Dat lich online', '2023-10-15 06:26:00'),
(155, 5, N'Hang tuan', N'Gia ca hop ly', '2023-11-03 13:35:00'),
(174, 5, N'2 tuan/lan', N'Chuong trinh tich diem', '2023-06-01 02:10:00'),
(214, 1, N'2 tuan/lan', N'Nhan vien than thien', '2024-10-07 02:14:00'),
(NULL, 4, N'Hang tuan', N'Nhan vien than thien', '2024-10-18 03:05:00'),
(85, 4, N'2 tuan/lan', N'Chat luong rua xe', '2024-06-16 15:16:00'),
(166, 5, N'Thinh thoang', N'Chat luong rua xe', '2024-05-04 20:42:00'),
(190, 3, N'Thinh thoang', N'Chuong trinh tich diem', '2025-01-24 16:43:00'),
(228, 3, N'Thinh thoang', N'Ung dung di dong', '2024-02-07 07:52:00'),
(18, 1, N'Hang thang', N'Gia ca hop ly', '2024-03-05 10:32:00'),
(48, 3, N'Hang thang', N'Nhan vien than thien', '2024-07-19 01:37:00'),
(46, 3, N'2 tuan/lan', N'Dat lich online', '2023-10-30 17:14:00'),
(200, 2, N'Hang tuan', N'Gia ca hop ly', '2023-11-04 03:44:00'),
(96, 5, N'Thinh thoang', N'Dich vu nhanh', '2024-07-27 23:25:00'),
(163, 4, N'Thinh thoang', N'Dich vu nhanh', '2024-04-02 02:15:00'),
(NULL, 2, N'Thinh thoang', N'Gia ca hop ly', '2023-08-07 10:59:00'),
(64, 1, N'Hang thang', N'Gia ca hop ly', '2024-08-16 04:26:00'),
(NULL, 4, N'Hang ngay', N'Dich vu nhanh', '2024-06-14 03:19:00'),
(89, 2, N'Hang thang', N'Gia ca hop ly', '2024-07-10 18:13:00'),
(213, 4, N'Hang thang', N'Ung dung di dong', '2024-01-27 09:15:00'),
(NULL, 5, N'Hang tuan', N'Dich vu nhanh', '2023-11-11 19:20:00'),
(162, 5, N'Hang thang', N'Ung dung di dong', '2023-08-24 03:05:00'),
(299, 1, N'Hang ngay', N'Chuong trinh tich diem', '2024-12-05 13:31:00'),
(60, 1, N'Hang tuan', N'Dat lich online', '2023-06-03 15:11:00'),
(92, 1, N'Hang tuan', N'Dich vu nhanh', '2024-06-10 21:43:00'),
(141, 3, N'Thinh thoang', N'Dat lich online', '2023-07-12 05:57:00'),
(NULL, 3, N'2 tuan/lan', N'Dat lich online', '2023-07-10 18:05:00'),
(153, 1, N'Thinh thoang', N'Dat lich online', '2023-12-14 05:57:00'),
(274, 4, N'Hang thang', N'Dat lich online', '2024-02-29 18:18:00'),
(NULL, 5, N'Thinh thoang', N'Dat lich online', '2025-02-17 09:08:00'),
(41, 1, N'Hang thang', N'Chat luong rua xe', '2024-02-22 05:41:00'),
(114, 5, N'Hang ngay', N'Gia ca hop ly', '2025-02-11 07:44:00'),
(183, 3, N'Hang ngay', N'Gia ca hop ly', '2024-05-12 21:10:00'),
(NULL, 4, N'Hang thang', N'Dich vu nhanh', '2024-11-03 09:18:00'),
(128, 4, N'Hang thang', N'Ung dung di dong', '2024-01-27 09:42:00'),
(230, 3, N'Hang tuan', N'Chuong trinh tich diem', '2024-09-15 04:45:00'),
(289, 2, N'Hang ngay', N'Dat lich online', '2023-07-31 18:56:00'),
(35, 1, N'Hang tuan', N'Dat lich online', '2024-09-02 04:09:00'),
(NULL, 1, N'2 tuan/lan', N'Ung dung di dong', '2024-05-06 22:20:00'),
(250, 5, N'Hang tuan', N'Nhan vien than thien', '2024-10-06 13:26:00'),
(291, 1, N'Thinh thoang', N'Nhan vien than thien', '2025-01-22 09:59:00'),
(83, 2, N'Hang thang', N'Nhan vien than thien', '2023-07-05 11:10:00'),
(297, 4, N'Hang tuan', N'Dich vu nhanh', '2023-08-07 01:02:00'),
(17, 3, N'Hang thang', N'Chuong trinh tich diem', '2024-10-22 14:42:00'),
(202, 4, N'2 tuan/lan', N'Gia ca hop ly', '2023-10-15 10:47:00'),
(203, 4, N'2 tuan/lan', N'Ung dung di dong', '2025-01-01 22:11:00'),
(26, 1, N'Hang tuan', N'Dich vu nhanh', '2024-07-30 02:31:00'),
(91, 3, N'Hang tuan', N'Dat lich online', '2023-10-22 07:32:00'),
(211, 5, N'Hang thang', N'Dich vu nhanh', '2023-12-25 23:11:00'),
(NULL, 4, N'Hang ngay', N'Ung dung di dong', '2023-06-10 20:23:00'),
(268, 3, N'Thinh thoang', N'Dich vu nhanh', '2024-05-11 00:06:00'),
(195, 4, N'Thinh thoang', N'Chuong trinh tich diem', '2024-01-03 04:21:00'),
(112, 5, N'2 tuan/lan', N'Chat luong rua xe', '2024-07-05 16:37:00'),
(197, 5, N'Thinh thoang', N'Chuong trinh tich diem', '2024-08-19 23:51:00'),
(294, 1, N'Hang thang', N'Nhan vien than thien', '2025-01-26 17:18:00'),
(188, 5, N'Hang thang', N'Dat lich online', '2024-03-18 10:01:00'),
(212, 4, N'Thinh thoang', N'Nhan vien than thien', '2023-08-04 15:53:00'),
(NULL, 4, N'Hang thang', N'Chat luong rua xe', '2025-01-06 07:59:00'),
(179, 3, N'Thinh thoang', N'Chuong trinh tich diem', '2024-09-03 08:19:00'),
(118, 1, N'Hang tuan', N'Nhan vien than thien', '2025-01-14 08:25:00'),
(NULL, 3, N'Hang ngay', N'Chat luong rua xe', '2024-01-21 01:14:00'),
(40, 4, N'Hang tuan', N'Gia ca hop ly', '2023-06-03 13:03:00'),
(101, 1, N'2 tuan/lan', N'Chat luong rua xe', '2024-12-11 13:01:00'),
(287, 5, N'2 tuan/lan', N'Ung dung di dong', '2025-02-04 21:03:00'),
(236, 4, N'Thinh thoang', N'Chuong trinh tich diem', '2024-11-28 21:35:00'),
(148, 3, N'Hang ngay', N'Ung dung di dong', '2024-01-27 12:35:00'),
(121, 3, N'Hang tuan', N'Chat luong rua xe', '2023-12-23 00:43:00'),
(300, 4, N'Hang ngay', N'Dich vu nhanh', '2025-03-24 07:30:00'),
(68, 1, N'Hang ngay', N'Chuong trinh tich diem', '2024-02-20 05:42:00'),
(29, 3, N'2 tuan/lan', N'Gia ca hop ly', '2023-11-13 13:13:00'),
(66, 2, N'2 tuan/lan', N'Dat lich online', '2024-03-22 09:34:00'),
(38, 5, N'Hang ngay', N'Dat lich online', '2023-11-07 03:54:00'),
(167, 1, N'Hang tuan', N'Dat lich online', '2024-03-03 05:07:00'),
(180, 4, N'2 tuan/lan', N'Dat lich online', '2024-10-25 17:29:00'),
(132, 5, N'Hang ngay', N'Gia ca hop ly', '2025-02-19 08:50:00'),
(221, 1, N'2 tuan/lan', N'Ung dung di dong', '2023-09-03 11:11:00'),
(14, 4, N'Hang tuan', N'Chat luong rua xe', '2024-02-12 23:01:00'),
(247, 5, N'Hang ngay', N'Dat lich online', '2023-11-14 04:21:00'),
(260, 2, N'Thinh thoang', N'Ung dung di dong', '2024-11-29 06:30:00'),
(NULL, 3, N'Hang ngay', N'Dich vu nhanh', '2024-07-03 13:06:00'),
(NULL, 5, N'Hang thang', N'Chuong trinh tich diem', '2023-11-19 06:39:00'),
(109, 4, N'Thinh thoang', N'Nhan vien than thien', '2023-08-08 23:14:00'),
(280, 4, N'Thinh thoang', N'Ung dung di dong', '2024-09-11 12:20:00'),
(273, 3, N'Hang tuan', N'Dat lich online', '2023-07-08 14:12:00'),
(210, 1, N'Thinh thoang', N'Dich vu nhanh', '2023-06-18 21:59:00'),
(254, 3, N'2 tuan/lan', N'Gia ca hop ly', '2023-06-08 10:55:00'),
(NULL, 4, N'Hang ngay', N'Chuong trinh tich diem', '2023-09-07 19:33:00'),
(NULL, 5, N'Hang ngay', N'Chat luong rua xe', '2023-10-18 15:31:00'),
(37, 5, N'Thinh thoang', N'Nhan vien than thien', '2024-05-14 03:39:00'),
(185, 1, N'2 tuan/lan', N'Chuong trinh tich diem', '2024-04-15 17:52:00'),
(27, 4, N'2 tuan/lan', N'Dat lich online', '2023-09-18 01:19:00'),
(235, 2, N'2 tuan/lan', N'Ung dung di dong', '2024-06-23 04:17:00'),
(264, 3, N'Hang thang', N'Dat lich online', '2024-11-25 11:04:00'),
(32, 4, N'2 tuan/lan', N'Nhan vien than thien', '2024-04-03 13:01:00'),
(63, 1, N'2 tuan/lan', N'Dich vu nhanh', '2023-12-07 22:05:00'),
(NULL, 2, N'Thinh thoang', N'Chat luong rua xe', '2025-02-03 03:23:00'),
(43, 1, N'Hang ngay', N'Dich vu nhanh', '2024-05-07 10:56:00'),
(130, 1, N'Hang tuan', N'Chat luong rua xe', '2024-01-04 18:51:00'),
(253, 1, N'Hang tuan', N'Dat lich online', '2024-03-10 09:53:00'),
(106, 5, N'Thinh thoang', N'Ung dung di dong', '2023-08-21 22:35:00'),
(102, 5, N'Thinh thoang', N'Dich vu nhanh', '2024-12-17 21:19:00'),
(277, 1, N'Hang thang', N'Ung dung di dong', '2023-07-12 09:58:00'),
(88, 4, N'Hang ngay', N'Nhan vien than thien', '2024-05-07 08:47:00'),
(158, 1, N'Hang tuan', N'Dat lich online', '2023-09-05 18:00:00'),
(172, 1, N'Hang thang', N'Dat lich online', '2024-09-23 11:25:00'),
(252, 5, N'Hang ngay', N'Dich vu nhanh', '2023-11-10 18:35:00'),
(NULL, 2, N'Hang ngay', N'Dich vu nhanh', '2023-11-20 05:41:00'),
(198, 5, N'Hang ngay', N'Nhan vien than thien', '2023-06-18 15:13:00'),
(NULL, 2, N'Hang tuan', N'Nhan vien than thien', '2024-11-03 07:26:00'),
(NULL, 1, N'Thinh thoang', N'Dich vu nhanh', '2025-01-11 23:49:00'),
(NULL, 2, N'Hang thang', N'Chat luong rua xe', '2024-01-30 01:27:00'),
(NULL, 2, N'Thinh thoang', N'Nhan vien than thien', '2024-07-02 06:52:00'),
(296, 5, N'2 tuan/lan', N'Dich vu nhanh', '2023-10-18 12:37:00'),
(81, 4, N'Thinh thoang', N'Dich vu nhanh', '2024-03-02 07:39:00'),
(184, 1, N'Hang thang', N'Dich vu nhanh', '2025-03-25 19:31:00'),
(161, 1, N'Hang ngay', N'Gia ca hop ly', '2025-01-25 06:47:00'),
(282, 3, N'Hang tuan', N'Chat luong rua xe', '2023-12-06 20:37:00'),
(170, 1, N'Hang tuan', N'Chuong trinh tich diem', '2023-07-12 07:15:00'),
(113, 1, N'Hang ngay', N'Nhan vien than thien', '2024-07-09 04:13:00'),
(78, 3, N'Hang ngay', N'Chat luong rua xe', '2023-06-03 20:13:00'),
(283, 1, N'Hang ngay', N'Gia ca hop ly', '2023-09-18 10:13:00'),
(NULL, 4, N'Hang tuan', N'Chuong trinh tich diem', '2025-03-25 03:55:00'),
(11, 3, N'2 tuan/lan', N'Gia ca hop ly', '2024-06-22 21:33:00'),
(194, 3, N'Hang thang', N'Nhan vien than thien', '2023-12-24 20:09:00'),
(107, 2, N'Hang thang', N'Dich vu nhanh', '2023-12-10 21:54:00'),
(181, 2, N'Hang thang', N'Gia ca hop ly', '2024-03-07 13:03:00'),
(292, 3, N'Hang ngay', N'Gia ca hop ly', '2024-09-17 05:03:00'),
(NULL, 1, N'Hang thang', N'Chat luong rua xe', '2024-03-23 06:26:00'),
(NULL, 1, N'2 tuan/lan', N'Chuong trinh tich diem', '2024-03-17 08:11:00'),
(39, 4, N'Hang ngay', N'Gia ca hop ly', '2024-11-24 02:37:00'),
(55, 4, N'2 tuan/lan', N'Dich vu nhanh', '2025-03-21 07:28:00'),
(127, 2, N'2 tuan/lan', N'Ung dung di dong', '2024-10-01 12:17:00'),
(NULL, 2, N'Hang thang', N'Chuong trinh tich diem', '2024-08-22 04:01:00'),
(293, 2, N'Hang thang', N'Gia ca hop ly', '2024-01-11 17:32:00'),
(206, 2, N'Hang ngay', N'Dich vu nhanh', '2024-06-14 16:16:00'),
(173, 1, N'2 tuan/lan', N'Ung dung di dong', '2024-11-10 09:47:00'),
(72, 4, N'Hang ngay', N'Dat lich online', '2025-01-01 03:15:00'),
(267, 3, N'2 tuan/lan', N'Ung dung di dong', '2024-02-06 21:59:00'),
(278, 5, N'Thinh thoang', N'Chat luong rua xe', '2024-11-24 05:40:00'),
(232, 4, N'Thinh thoang', N'Dat lich online', '2023-10-31 00:20:00'),
(216, 5, N'Hang thang', N'Chat luong rua xe', '2024-05-15 00:30:00'),
(187, 2, N'Hang tuan', N'Dat lich online', '2024-04-09 23:48:00'),
(45, 4, N'2 tuan/lan', N'Nhan vien than thien', '2024-03-05 18:12:00'),
(111, 4, N'Thinh thoang', N'Chat luong rua xe', '2024-12-29 11:06:00'),
(25, 4, N'Hang thang', N'Chat luong rua xe', '2023-12-18 07:20:00'),
(140, 1, N'2 tuan/lan', N'Dich vu nhanh', '2024-09-25 07:34:00');
GO
SELECT*FROM  [USER];